<?xml version="1.0" encoding="UTF-8" standalone="no" ?>
<COLLADA xmlns="http://www.collada.org/2005/11/COLLADASchema" version="1.4.1">
    <asset>
        <contributor>
            <author>Agung A.</author>
            <authoring_tool>SketchUp 17.2.2555</authoring_tool>
        </contributor>
        <created>2020-01-15T02:48:23Z</created>
        <modified>2020-01-15T02:48:23Z</modified>
        <unit meter="0.0254" name="inch" />
        <up_axis>Z_UP</up_axis>
    </asset>
    <library_cameras>
        <camera id="ID1" name="skp_camera_Last_Saved_SketchUp_View">
            <optics>
                <technique_common>
                    <perspective>
                        <yfov>35</yfov>
                        <aspect_ratio>0</aspect_ratio>
                        <znear>1</znear>
                        <zfar>1000</zfar>
                    </perspective>
                </technique_common>
            </optics>
        </camera>
    </library_cameras>
    <library_visual_scenes>
        <visual_scene id="ID2">
            <node name="SketchUp">
                <node name="skp_camera_Last_Saved_SketchUp_View">
                    <matrix>0.8969859 -0.04392949 -0.4398709 -0.7390578 -0.442059 -0.08913772 -0.8925459 -2.421831 -6.938894e-18 0.9950501 -0.0993747 0.1983541 0 0 0 1</matrix>
                    <instance_camera url="#ID1" />
                </node>
                <node id="ID3" name="group_0">
                    <matrix>1 0 0 -0.009408517 0 1 0 -0.02755906 0 0 1 0 0 0 0 1</matrix>
                    <instance_geometry url="#ID4">
                        <bind_material>
                            <technique_common>
                                <instance_material symbol="Material2" target="#ID5">
                                    <bind_vertex_input semantic="UVSET0" input_semantic="TEXCOORD" input_set="0" />
                                </instance_material>
                                <instance_material symbol="Material3" target="#ID12">
                                    <bind_vertex_input semantic="UVSET0" input_semantic="TEXCOORD" input_set="0" />
                                </instance_material>
                                <instance_material symbol="Material4" target="#ID13">
                                    <bind_vertex_input semantic="UVSET0" input_semantic="TEXCOORD" input_set="0" />
                                </instance_material>
                            </technique_common>
                        </bind_material>
                    </instance_geometry>
                    <instance_geometry url="#ID18">
                        <bind_material>
                            <technique_common>
                                <instance_material symbol="Material2" target="#ID5">
                                    <bind_vertex_input semantic="UVSET0" input_semantic="TEXCOORD" input_set="0" />
                                </instance_material>
                                <instance_material symbol="Material3" target="#ID13">
                                    <bind_vertex_input semantic="UVSET0" input_semantic="TEXCOORD" input_set="0" />
                                </instance_material>
                            </technique_common>
                        </bind_material>
                    </instance_geometry>
                    <instance_geometry url="#ID26">
                        <bind_material>
                            <technique_common>
                                <instance_material symbol="Material2" target="#ID12">
                                    <bind_vertex_input semantic="UVSET0" input_semantic="TEXCOORD" input_set="0" />
                                </instance_material>
                                <instance_material symbol="Material3" target="#ID27">
                                    <bind_vertex_input semantic="UVSET0" input_semantic="TEXCOORD" input_set="0" />
                                </instance_material>
                                <instance_material symbol="Material4" target="#ID13">
                                    <bind_vertex_input semantic="UVSET0" input_semantic="TEXCOORD" input_set="0" />
                                </instance_material>
                            </technique_common>
                        </bind_material>
                    </instance_geometry>
                    <instance_geometry url="#ID36">
                        <bind_material>
                            <technique_common>
                                <instance_material symbol="Material2" target="#ID27">
                                    <bind_vertex_input semantic="UVSET0" input_semantic="TEXCOORD" input_set="0" />
                                </instance_material>
                                <instance_material symbol="Material3" target="#ID13">
                                    <bind_vertex_input semantic="UVSET0" input_semantic="TEXCOORD" input_set="0" />
                                </instance_material>
                            </technique_common>
                        </bind_material>
                    </instance_geometry>
                    <instance_geometry url="#ID44">
                        <bind_material>
                            <technique_common>
                                <instance_material symbol="Material2" target="#ID12">
                                    <bind_vertex_input semantic="UVSET0" input_semantic="TEXCOORD" input_set="0" />
                                </instance_material>
                                <instance_material symbol="Material3" target="#ID46">
                                    <bind_vertex_input semantic="UVSET0" input_semantic="TEXCOORD" input_set="0" />
                                </instance_material>
                                <instance_material symbol="Material4" target="#ID13">
                                    <bind_vertex_input semantic="UVSET0" input_semantic="TEXCOORD" input_set="0" />
                                </instance_material>
                            </technique_common>
                        </bind_material>
                    </instance_geometry>
                </node>
            </node>
        </visual_scene>
    </library_visual_scenes>
    <library_geometries>
        <geometry id="ID4">
            <mesh>
                <source id="ID7">
                    <float_array id="ID15" count="1284">0.805892 0.02755906 1.051402 0.7854632 0.05511811 1.040289 0.7146162 0.05511811 1.068537 0.7146162 0.05511811 1.068537 0.7854632 0.05511811 1.040289 0.805892 0.02755906 1.051402 0.7146162 0.05511811 1.068537 0.7854632 0.05511811 1.040289 0.805892 0.02755906 1.051402 0.7323211 0.02755906 1.083712 0.7323211 0.02755906 1.083712 0.7323211 0.02755906 1.083712 0.8541132 0.02755906 1.021679 0.8541132 0.02755906 1.021679 0.8541132 0.02755906 1.021679 0.6437692 0.05511811 1.08367 0.6437692 0.05511811 1.08367 0.6437692 0.05511811 1.08367 0.831899 0.05511811 1.014303 0.831899 0.05511811 1.014303 0.831899 0.05511811 1.014303 0.6587503 0.02755906 1.101021 0.6587503 0.02755906 1.101021 0.6587503 0.02755906 1.101021 0.8712018 0.05511811 0.9726161 0.8712018 0.05511811 0.9726161 0.8712018 0.05511811 0.9726161 0.5558955 0.05511811 1.09741 0.5558955 0.05511811 1.09741 0.5558955 0.05511811 1.09741 0.8949271 0.02755906 0.9739977 0.8949271 0.02755906 0.9739977 0.8949271 0.02755906 0.9739977 0.567498 0.02755906 1.116738 0.567498 0.02755906 1.116738 0.567498 0.02755906 1.116738 0.8940313 0.05511811 0.9429243 0.8940313 0.05511811 0.9429243 0.8940313 0.05511811 0.9429243 0.5076551 0.05511811 1.099727 0.5076551 0.05511811 1.099727 0.5076551 0.05511811 1.099727 0.9186342 0.02755906 0.940036 0.9186342 0.02755906 0.940036 0.9186342 0.02755906 0.940036 0.5174029 0.02755906 1.119388 0.5174029 0.02755906 1.119388 0.5174029 0.02755906 1.119388 0.910274 0.05511811 0.909978 0.910274 0.05511811 0.909978 0.910274 0.05511811 0.909978 0.4739282 0.05511811 1.100672 0.4739282 0.05511811 1.100672 0.4739282 0.05511811 1.100672 0.9355014 0.02755906 0.9023519 0.9355014 0.02755906 0.9023519 0.9355014 0.02755906 0.9023519 0.4823793 0.02755906 1.120469 0.4823793 0.02755906 1.120469 0.4823793 0.02755906 1.120469 0.9244864 0.05511811 0.8493411 0.9244864 0.05511811 0.8493411 0.9244864 0.05511811 0.8493411 0.4678809 0.02755906 1.120469 0.4599667 0.05511811 1.100672 0.4678809 0.02755906 1.120469 0.4599667 0.05511811 1.100672 0.4678809 0.02755906 1.120469 0.4599667 0.05511811 1.100672 0.9502602 0.02755906 0.8329952 0.9502602 0.02755906 0.8329952 0.9502602 0.02755906 0.8329952 0.4262398 0.05511811 1.099727 0.4262398 0.05511811 1.099727 0.4262398 0.05511811 1.099727 0.9244864 0.05511811 0.8133629 0.9502602 0.02755906 0.7918431 0.9244864 0.05511811 0.8133629 0.9502602 0.02755906 0.7918431 0.9502602 0.02755906 0.7918431 0.9244864 0.05511811 0.8133629 0.4328573 0.02755906 1.119388 0.4328573 0.02755906 1.119388 0.4328573 0.02755906 1.119388 0.9244864 0.05511811 0.8067742 0.9502602 0.02755906 0.7918431 0.9502602 0.02755906 0.784307 0.9244864 0.05511811 0.8133629 0.9244864 0.05511811 0.8133629 0.9244864 0.05511811 0.8067742 0.9502602 0.02755906 0.7918431 0.9502602 0.02755906 0.784307 0.9502602 0.02755906 0.784307 0.9244864 0.05511811 0.8067742 0.3779994 0.05511811 1.09741 0.3779994 0.05511811 1.09741 0.3779994 0.05511811 1.09741 0.9168534 0.05511811 0.7714432 0.9168534 0.05511811 0.7714432 0.9168534 0.05511811 0.7714432 0.3827623 0.02755906 1.116738 0.3827623 0.02755906 1.116738 0.3827623 0.02755906 1.116738 0.9423338 0.02755906 0.7438952 0.9423338 0.02755906 0.7438952 0.9423338 0.02755906 0.7438952 0.2901256 0.05511811 1.08367 0.2901256 0.05511811 1.08367 0.2901256 0.05511811 1.08367 0.879123 0.05511811 0.6506914 0.879123 0.05511811 0.6506914 0.879123 0.05511811 0.6506914 0.29151 0.02755906 1.101021 0.29151 0.02755906 1.101021 0.29151 0.02755906 1.101021 0.9031527 0.02755906 0.6057787 0.9031527 0.02755906 0.6057787 0.9031527 0.02755906 0.6057787 0.2192787 0.05511811 1.068537 0.2192787 0.05511811 1.068537 0.2192787 0.05511811 1.068537 0.8518404 0.05511811 0.5921557 0.8518404 0.05511811 0.5921557 0.8518404 0.05511811 0.5921557 0.2179391 0.02755906 1.083712 0.2179391 0.02755906 1.083712 0.2179391 0.02755906 1.083712 0.8748212 0.02755906 0.5388254 0.8748212 0.02755906 0.5388254 0.8748212 0.02755906 0.5388254 0.1484317 0.05511811 1.040289 0.1484317 0.05511811 1.040289 0.1484317 0.05511811 1.040289 0.8106707 0.05511811 0.5038245 0.8106707 0.05511811 0.5038245 0.8106707 0.05511811 0.5038245 0.1443683 0.02755906 1.051402 0.1443683 0.02755906 1.051402 0.1443683 0.02755906 1.051402 0.8320686 0.02755906 0.4377918 0.8320686 0.02755906 0.4377918 0.8320686 0.02755906 0.4377918 0.1019958 0.05511811 1.014303 0.1019958 0.05511811 1.014303 0.1019958 0.05511811 1.014303 0.7283311 0.05511811 0.3683833 0.7283311 0.05511811 0.3683833 0.7283311 0.05511811 0.3683833 0.09614706 0.02755906 1.021679 0.09614706 0.02755906 1.021679 0.09614706 0.02755906 1.021679 0.7465633 0.02755906 0.2828735 0.7465633 0.02755906 0.2828735 0.7465633 0.02755906 0.2828735 0.05533318 0.02755906 0.9739977 0.05533318 0.02755906 0.9739977 0.05533318 0.02755906 0.9739977 0.6379047 0.05511811 0.2512627 0.6379047 0.05511811 0.2512627 0.6379047 0.05511811 0.2512627 0.06269304 0.05511811 0.9726161 0.06269304 0.05511811 0.9726161 0.06269304 0.05511811 0.9726161 0.6526603 0.02755906 0.1489105 0.6526603 0.02755906 0.1489105 0.6526603 0.02755906 0.1489105 0.03162601 0.02755906 0.940036 0.03162601 0.02755906 0.940036 0.03162601 0.02755906 0.940036 0.5570061 0.05511811 0.1679622 0.5570061 0.05511811 0.1679622 0.5570061 0.05511811 0.1679622 0.03986361 0.05511811 0.9429243 0.03986361 0.05511811 0.9429243 0.03986361 0.05511811 0.9429243 0.5686513 0.02755906 0.05363103 0.5686513 0.02755906 0.05363103 0.5686513 0.02755906 0.05363103 0.01475881 0.02755906 0.9023519 0.01475881 0.02755906 0.9023519 0.01475881 0.02755906 0.9023519 0.5231981 0.02755906 0.01169447 0.5231981 0.02755906 0.01169447 0.5231981 0.02755906 0.01169447 0.02362089 0.05511811 0.909978 0.02362089 0.05511811 0.909978 0.02362089 0.05511811 0.909978 0.5132357 0.05511811 0.1312981 0.5132357 0.05511811 0.1312981 0.5132357 0.05511811 0.1312981 3.552714e-15 0.02755906 0.8329952 3.552714e-15 0.02755906 0.8329952 3.552714e-15 0.02755906 0.8329952 0.5187552 0.02755906 0.008526968 0.5187552 0.02755906 0.008526968 0.5187552 0.02755906 0.008526968 0.009408517 0.05511811 0.8493411 0.009408517 0.05511811 0.8493411 0.009408517 0.05511811 0.8493411 0.5089573 0.05511811 0.1285289 0.5089573 0.05511811 0.1285289 0.5089573 0.05511811 0.1285289 0 0.02755906 0.7918431 0.009408517 0.05511811 0.8133629 0.009408517 0.05511811 0.8133629 0 0.02755906 0.7918431 0.009408517 0.05511811 0.8133629 0 0.02755906 0.7918431 0.517191 0.02755906 0.007591623 0.517191 0.02755906 0.007591623 0.517191 0.02755906 0.007591623 0.009408517 0.05511811 0.8133629 0 0.02755906 0.784307 0 0.02755906 0.7918431 0.009408517 0.05511811 0.8067742 0.009408517 0.05511811 0.8067742 0.009408517 0.05511811 0.8133629 0 0.02755906 0.784307 0 0.02755906 0.7918431 0.009408517 0.05511811 0.8067742 0 0.02755906 0.784307 0.5074511 0.05511811 0.1277111 0.5074511 0.05511811 0.1277111 0.5074511 0.05511811 0.1277111 0.007926435 0.02755906 0.7438952 0.007926435 0.02755906 0.7438952 0.007926435 0.02755906 0.7438952 0.5155895 0.02755906 0.006719164 0.5155895 0.02755906 0.006719164 0.5155895 0.02755906 0.006719164 0.01704148 0.05511811 0.7714432 0.01704148 0.05511811 0.7714432 0.01704148 0.05511811 0.7714432 0.5059088 0.05511811 0.1269483 0.5059088 0.05511811 0.1269483 0.5059088 0.05511811 0.1269483 0.0471075 0.02755906 0.6057787 0.0471075 0.02755906 0.6057787 0.0471075 0.02755906 0.6057787 0.5139532 0.02755906 0.005911025 0.5139532 0.02755906 0.005911025 0.5139532 0.02755906 0.005911025 0.05477191 0.05511811 0.6506914 0.05477191 0.05511811 0.6506914 0.05477191 0.05511811 0.6506914 0.5043331 0.05511811 0.1262418 0.5043331 0.05511811 0.1262418 0.5043331 0.05511811 0.1262418 0.07543899 0.02755906 0.5388254 0.07543899 0.02755906 0.5388254 0.07543899 0.02755906 0.5388254 0.5122849 0.02755906 0.005168534 0.5122849 0.02755906 0.005168534 0.5122849 0.02755906 0.005168534 0.08205446 0.05511811 0.5921557 0.08205446 0.05511811 0.5921557 0.08205446 0.05511811 0.5921557 0.5027266 0.05511811 0.1255927 0.5027266 0.05511811 0.1255927 0.5027266 0.05511811 0.1255927 0.1181916 0.02755906 0.4377918 0.1181916 0.02755906 0.4377918 0.1181916 0.02755906 0.4377918 0.5105872 0.02755906 0.004492907 0.5105872 0.02755906 0.004492907 0.5105872 0.02755906 0.004492907 0.1232242 0.05511811 0.5038245 0.1232242 0.05511811 0.5038245 0.1232242 0.05511811 0.5038245 0.5010918 0.05511811 0.125002 0.5010918 0.05511811 0.125002 0.5010918 0.05511811 0.125002 0.2036969 0.02755906 0.2828735 0.2036969 0.02755906 0.2828735 0.2036969 0.02755906 0.2828735 0.5035599 0.02755906 0.002479564 0.5035599 0.02755906 0.002479564 0.5035599 0.02755906 0.002479564 0.2055638 0.05511811 0.3683833 0.2055638 0.05511811 0.3683833 0.2055638 0.05511811 0.3683833 0.4943246 0.05511811 0.1232418 0.4943246 0.05511811 0.1232418 0.4943246 0.05511811 0.1232418 0.2976 0.02755906 0.1489105 0.2976 0.02755906 0.1489105 0.2976 0.02755906 0.1489105 0.4997911 0.02755906 0.001782409 0.4997911 0.02755906 0.001782409 0.4997911 0.02755906 0.001782409 0.2959902 0.05511811 0.2512627 0.2959902 0.05511811 0.2512627 0.2959902 0.05511811 0.2512627 0.4906953 0.05511811 0.1226323 0.4906953 0.05511811 0.1226323 0.4906953 0.05511811 0.1226323 0.3816089 0.02755906 0.05363103 0.3816089 0.02755906 0.05363103 0.3816089 0.02755906 0.05363103 0.4969082 0.02755906 0.001328699 0.4969082 0.02755906 0.001328699 0.4969082 0.02755906 0.001328699 0.3768888 0.05511811 0.1679622 0.3768888 0.05511811 0.1679622 0.3768888 0.05511811 0.1679622 0.4879192 0.05511811 0.1222356 0.4879192 0.05511811 0.1222356 0.4879192 0.05511811 0.1222356 0.4206591 0.05511811 0.1312981 0.4206591 0.05511811 0.1312981 0.4206591 0.05511811 0.1312981 0.4940158 0.02755906 0.0009374228 0.4940158 0.02755906 0.0009374228 0.4940158 0.02755906 0.0009374228 0.4270622 0.02755906 0.01169447 0.4270622 0.02755906 0.01169447 0.4270622 0.02755906 0.01169447 0.4851339 0.05511811 0.1218935 0.4851339 0.05511811 0.1218935 0.4851339 0.05511811 0.1218935 0.4234698 0.05511811 0.1294002 0.4234698 0.05511811 0.1294002 0.4234698 0.05511811 0.1294002 0.4911153 0.02755906 0.0006087702 0.4911153 0.02755906 0.0006087702 0.4911153 0.02755906 0.0006087702 0.4299808 0.02755906 0.009523665 0.4299808 0.02755906 0.009523665 0.4299808 0.02755906 0.009523665 0.4823407 0.05511811 0.1216062 0.4823407 0.05511811 0.1216062 0.4823407 0.05511811 0.1216062 0.4249376 0.05511811 0.1285289 0.4249376 0.05511811 0.1285289 0.4249376 0.05511811 0.1285289 0.4882081 0.02755906 0.000342901 0.4882081 0.02755906 0.000342901 0.4882081 0.02755906 0.000342901 0.4315051 0.02755906 0.008526968 0.4315051 0.02755906 0.008526968 0.4315051 0.02755906 0.008526968 0.4795412 0.05511811 0.1213737 0.4795412 0.05511811 0.1213737 0.4795412 0.05511811 0.1213737 0.4264438 0.05511811 0.1277111 0.4264438 0.05511811 0.1277111 0.4264438 0.05511811 0.1277111 0.4852956 0.02755906 0.0001399447 0.4852956 0.02755906 0.0001399447 0.4852956 0.02755906 0.0001399447 0.4330692 0.02755906 0.007591623 0.4330692 0.02755906 0.007591623 0.4330692 0.02755906 0.007591623 0.4767366 0.05511811 0.1211963 0.4767366 0.05511811 0.1211963 0.4767366 0.05511811 0.1211963 0.427986 0.05511811 0.1269483 0.427986 0.05511811 0.1269483 0.427986 0.05511811 0.1269483 0.4599667 0.05511811 0.1210739 0.4678809 0.02755906 0 0.4599667 0.05511811 0.1210739 0.4678809 0.02755906 0 0.4678809 0.02755906 0 0.4599667 0.05511811 0.1210739 0.4346708 0.02755906 0.006719164 0.4346708 0.02755906 0.006719164 0.4346708 0.02755906 0.006719164 0.4649646 0.02755906 0.0001399447 0.4649646 0.02755906 0.0001399447 0.4649646 0.02755906 0.0001399447 0.4295617 0.05511811 0.1262418 0.4295617 0.05511811 0.1262418 0.4295617 0.05511811 0.1262418 0.4571583 0.05511811 0.1211963 0.4571583 0.05511811 0.1211963 0.4571583 0.05511811 0.1211963 0.436307 0.02755906 0.005911025 0.436307 0.02755906 0.005911025 0.436307 0.02755906 0.005911025 0.4620522 0.02755906 0.000342901 0.4620522 0.02755906 0.000342901 0.4620522 0.02755906 0.000342901 0.4311683 0.05511811 0.1255927 0.4311683 0.05511811 0.1255927 0.4311683 0.05511811 0.1255927 0.4543537 0.05511811 0.1213737 0.4543537 0.05511811 0.1213737 0.4543537 0.05511811 0.1213737 0.4379754 0.02755906 0.005168534 0.4379754 0.02755906 0.005168534 0.4379754 0.02755906 0.005168534 0.459145 0.02755906 0.0006087702 0.459145 0.02755906 0.0006087702 0.459145 0.02755906 0.0006087702 0.4328031 0.05511811 0.125002 0.4328031 0.05511811 0.125002 0.4328031 0.05511811 0.125002 0.4515541 0.05511811 0.1216062 0.4515541 0.05511811 0.1216062 0.4515541 0.05511811 0.1216062 0.439673 0.02755906 0.004492907 0.439673 0.02755906 0.004492907 0.439673 0.02755906 0.004492907 0.4562445 0.02755906 0.0009374228 0.4562445 0.02755906 0.0009374228 0.4562445 0.02755906 0.0009374228 0.4404339 0.05511811 0.1230833 0.4404339 0.05511811 0.1230833 0.4404339 0.05511811 0.1230833 0.448761 0.05511811 0.1218935 0.448761 0.05511811 0.1218935 0.448761 0.05511811 0.1218935 0.4475972 0.02755906 0.002298331 0.4475972 0.02755906 0.002298331 0.4475972 0.02755906 0.002298331 0.4533521 0.02755906 0.001328699 0.4533521 0.02755906 0.001328699 0.4533521 0.02755906 0.001328699 0.4431995 0.05511811 0.1226323 0.4431995 0.05511811 0.1226323 0.4431995 0.05511811 0.1226323 0.4459757 0.05511811 0.1222356 0.4459757 0.05511811 0.1222356 0.4459757 0.05511811 0.1222356 0.4504692 0.02755906 0.001782409 0.4504692 0.02755906 0.001782409 0.4504692 0.02755906 0.001782409</float_array>
                    <technique_common>
                        <accessor count="428" source="#ID15" stride="3">
                            <param name="X" type="float" />
                            <param name="Y" type="float" />
                            <param name="Z" type="float" />
                        </accessor>
                    </technique_common>
                </source>
                <source id="ID8">
                    <float_array id="ID16" count="1284">0.3824867 0.58198 0.7176372 0.3529544 0.5552327 0.7530868 0.2303971 0.5723486 0.786978 -0.2303971 -0.5723486 -0.786978 -0.3529544 -0.5552327 -0.7530868 -0.3824867 -0.58198 -0.7176372 0 0 0 0 0 0 0 0 0 0.2650689 0.5939911 0.7595479 -0.2650689 -0.5939911 -0.7595479 0 0 0 0.5296839 0.5848352 0.6143311 -0.5296839 -0.5848352 -0.6143311 0 0 0 0.1480486 0.5795954 0.8013431 -0.1480486 -0.5795954 -0.8013431 0 0 0 0.4813049 0.5669003 0.6685579 -0.4813049 -0.5669003 -0.6685579 0 0 0 0.1622286 0.5902732 0.7907334 -0.1622286 -0.5902732 -0.7907334 0 0 0 0.624005 0.5805599 0.5230373 -0.624005 -0.5805599 -0.5230373 0 0 0 0.07800142 0.5914285 0.802576 -0.07800142 -0.5914285 -0.802576 0 0 0 0.6491674 0.568592 0.5052572 -0.6491674 -0.568592 -0.5052572 0 0 0 0.09601926 0.5990819 0.7949095 -0.09601926 -0.5990819 -0.7949095 0 0 0 0.6851755 0.5823515 0.4374943 -0.6851755 -0.5823515 -0.4374943 0 0 0 0.03042524 0.5868183 0.8091468 -0.03042524 -0.5868183 -0.8091468 0 0 0 0.712381 0.5822056 0.3918545 -0.712381 -0.5822056 -0.3918545 0 0 0 0.03478987 0.588933 0.8074327 -0.03478987 -0.588933 -0.8074327 0 0 0 0.7391349 0.6121453 0.2809943 -0.7391349 -0.6121453 -0.2809943 0 0 0 0.01013535 0.5850225 0.8109537 -0.01013535 -0.5850225 -0.8109537 0 0 0 0.7521952 0.6172166 0.2307511 -0.7521952 -0.6172166 -0.2307511 0 0 0 0.01435402 0.5862528 0.810001 -0.01435402 -0.5862528 -0.810001 0 0 0 0.7536101 0.6483211 0.1084044 -0.7536101 -0.6483211 -0.1084044 0 0 0 -0.01019122 0.5810456 0.8138072 -0.01313841 0.5808712 0.8138894 0.01019122 -0.5810456 -0.8138072 0.01313841 -0.5808712 -0.8138894 0 0 0 0 0 0 0.7455442 0.6641098 0.05587505 -0.7455442 -0.6641098 -0.05587505 0 0 0 -0.03269974 0.5756553 0.8170384 0.03269974 -0.5756553 -0.8170384 0 0 0 0.7303662 0.6830557 -6.702805e-14 0.7303662 0.6830557 -6.702805e-14 -0.7303662 -0.6830557 6.702805e-14 -0.7303662 -0.6830557 6.702805e-14 0 0 0 0 0 0 -0.03199019 0.5745575 0.8178388 0.03199019 -0.5745575 -0.8178388 0 0 0 0.7080434 0.7042782 -0.0516405 0.7303662 0.6830557 -2.032221e-15 0.6868863 0.7212999 -0.08895924 0.7303662 0.6830557 -2.032221e-15 -0.7303662 -0.6830557 2.032221e-15 -0.7080434 -0.7042782 0.0516405 -0.7303662 -0.6830557 2.032221e-15 -0.6868863 -0.7212999 0.08895924 0 0 0 0 0 0 -0.09066039 0.5620987 0.8220862 0.09066039 -0.5620987 -0.8220862 0 0 0 0.6456557 0.7472847 -0.1571444 -0.6456557 -0.7472847 0.1571444 0 0 0 -0.08216474 0.5596702 0.8246322 0.08216474 -0.5596702 -0.8246322 0 0 0 0.6292476 0.7589228 -0.1675819 -0.6292476 -0.7589228 0.1675819 0 0 0 -0.1615803 0.5232086 0.8367464 0.1615803 -0.5232086 -0.8367464 0 0 0 0.5690379 0.7994739 -0.192451 -0.5690379 -0.7994739 0.192451 0 0 0 -0.1629185 0.5155791 0.8412109 0.1629185 -0.5155791 -0.8412109 0 0 0 0.5320819 0.8203795 -0.2094429 -0.5320819 -0.8203795 0.2094429 0 0 0 -0.2659305 0.4793924 0.8363396 0.2659305 -0.4793924 -0.8363396 0 0 0 0.5006257 0.8359941 -0.224695 -0.5006257 -0.8359941 0.224695 0 0 0 -0.2651592 0.4671741 0.8434684 0.2651592 -0.4671741 -0.8434684 0 0 0 0.4897683 0.8443651 -0.2171972 -0.4897683 -0.8443651 0.2171972 0 0 0 -0.4062648 0.4012098 0.8209626 0.4062648 -0.4012098 -0.8209626 0 0 0 0.4569776 0.8621418 -0.218822 -0.4569776 -0.8621418 0.218822 0 0 0 -0.4164018 0.3820159 0.8250294 0.4164018 -0.3820159 -0.8250294 0 0 0 0.4151446 0.8812794 -0.2258352 -0.4151446 -0.8812794 0.2258352 0 0 0 -0.6070489 0.3213886 0.7267744 0.6070489 -0.3213886 -0.7267744 0 0 0 0.3608335 0.9060497 -0.2210726 -0.3608335 -0.9060497 0.2210726 0 0 0 -0.614353 0.3230564 0.7198645 0.614353 -0.3230564 -0.7198645 0 0 0 0.3207258 0.9208735 -0.2216461 -0.3207258 -0.9208735 0.2216461 0 0 0 -0.7594722 0.2465287 0.6020179 0.7594722 -0.2465287 -0.6020179 0 0 0 0.2784884 0.9354817 -0.2175276 -0.2784884 -0.9354817 0.2175276 0 0 0 -0.7482123 0.2191558 0.6262181 0.7482123 -0.2191558 -0.6262181 0 0 0 0.2480921 0.9450867 -0.2127471 -0.2480921 -0.9450867 0.2127471 0 0 0 -0.8509467 0.2153197 0.4790899 0.8509467 -0.2153197 -0.4790899 0 0 0 0.2155896 0.953254 -0.2117261 -0.2155896 -0.953254 0.2117261 0 0 0 -0.8315522 0.1844063 0.5239421 0.8315522 -0.1844063 -0.5239421 0 0 0 0.2054295 0.955983 -0.2095117 -0.2054295 -0.955983 0.2095117 0 0 0 -0.9299904 0.2276529 0.2886036 0.9299904 -0.2276529 -0.2886036 0 0 0 0.1615902 0.9642348 -0.210095 -0.1615902 -0.9642348 0.210095 0 0 0 -0.9170172 0.1927413 0.349185 0.9170172 -0.1927413 -0.349185 0 0 0 0.1614527 0.9645733 -0.2086419 -0.1614527 -0.9645733 0.2086419 0 0 0 -0.9547267 0.2889273 0.07083716 0.9547267 -0.2889273 -0.07083716 0 0 0 0.1345732 0.9680697 -0.2114972 -0.1345732 -0.9680697 0.2114972 0 0 0 -0.9594581 0.2380284 0.1509392 0.9594581 -0.2380284 -0.1509392 0 0 0 0.1291225 0.968729 -0.2118762 -0.1291225 -0.968729 0.2118762 0 0 0 -0.9463697 0.3230857 8.680722e-14 -0.9463697 0.3230857 8.680722e-14 0.9463697 -0.3230857 -8.680722e-14 0.9463697 -0.3230857 -8.680722e-14 0 0 0 0 0 0 0.1199749 0.9697014 -0.2128033 -0.1199749 -0.9697014 0.2128033 0 0 0 -0.9463697 0.3230857 -6.583109e-16 -0.9047113 0.4082205 -0.1218744 -0.9463697 0.3230857 -6.583109e-16 -0.9288564 0.3662276 -0.05570594 0.9288564 -0.3662276 0.05570594 0.9463697 -0.3230857 6.583109e-16 0.9047113 -0.4082205 0.1218744 0.9463697 -0.3230857 6.583109e-16 0 0 0 0 0 0 0.1120542 0.970491 -0.2135206 -0.1120542 -0.970491 0.2135206 0 0 0 -0.8413755 0.4940118 -0.2191794 0.8413755 -0.4940118 0.2191794 0 0 0 0.109585 0.9707251 -0.2137379 -0.109585 -0.9707251 0.2137379 0 0 0 -0.848896 0.4888128 -0.2010911 0.848896 -0.4888128 0.2010911 0 0 0 0.1022048 0.971388 -0.2143819 -0.1022048 -0.971388 0.2143819 0 0 0 -0.7099466 0.6464338 -0.2794624 0.7099466 -0.6464338 0.2794624 0 0 0 0.09952492 0.971614 -0.2146185 -0.09952492 -0.971614 0.2146185 0 0 0 -0.7399234 0.623667 -0.2520969 0.7399234 -0.623667 0.2520969 0 0 0 0.09269586 0.9721624 -0.2151925 -0.09269586 -0.9721624 0.2151925 0 0 0 -0.6588477 0.6974271 -0.2819843 0.6588477 -0.6974271 0.2819843 0 0 0 0.0897518 0.9723811 -0.2154521 -0.0897518 -0.9723811 0.2154521 0 0 0 -0.6305012 0.720052 -0.2898161 0.6305012 -0.720052 0.2898161 0 0 0 0.08348259 0.9728269 -0.2159596 -0.08348259 -0.9728269 0.2159596 0 0 0 -0.5470305 0.7855831 -0.2891658 0.5470305 -0.7855831 0.2891658 0 0 0 0.07223179 0.9734997 -0.2169814 -0.07223179 -0.9734997 0.2169814 0 0 0 -0.5680985 0.7752395 -0.2761664 0.5680985 -0.7752395 0.2761664 0 0 0 0.06898923 0.9737083 -0.2171007 -0.06898923 -0.9737083 0.2171007 0 0 0 -0.407091 0.8710594 -0.2748318 0.407091 -0.8710594 0.2748318 0 0 0 0.05031207 0.9744984 -0.2186813 -0.05031207 -0.9744984 0.2186813 0 0 0 -0.4226806 0.8661346 -0.2667433 0.4226806 -0.8661346 0.2667433 0 0 0 0.04762938 0.9746238 -0.2187232 -0.04762938 -0.9746238 0.2187232 0 0 0 -0.3006799 0.9190741 -0.2547438 0.3006799 -0.9190741 0.2547438 0 0 0 0.03736659 0.9748841 -0.2195556 -0.03736659 -0.9748841 0.2195556 0 0 0 -0.3105562 0.9172368 -0.2494623 0.3105562 -0.9172368 0.2494623 0 0 0 0.03430187 0.9749606 -0.2197164 -0.03430187 -0.9749606 0.2197164 0 0 0 -0.2224802 0.9462335 -0.2348291 0.2224802 -0.9462335 0.2348291 0 0 0 0.03204355 0.9749984 -0.2198895 -0.03204355 -0.9749984 0.2198895 0 0 0 -0.2319488 0.9434187 -0.2369831 0.2319488 -0.9434187 0.2369831 0 0 0 0.02932973 0.9750504 -0.2200375 -0.02932973 -0.9750504 0.2200375 0 0 0 -0.1882987 0.9538045 -0.2340952 0.1882987 -0.9538045 0.2340952 0 0 0 0.02727081 0.9750752 -0.2201921 -0.02727081 -0.9750752 0.2201921 0 0 0 -0.1815824 0.956156 -0.2297685 0.1815824 -0.956156 0.2297685 0 0 0 0.02492996 0.9751101 -0.2203153 -0.02492996 -0.9751101 0.2203153 0 0 0 -0.1492449 0.9618027 -0.2294809 0.1492449 -0.9618027 0.2294809 0 0 0 0.02251142 0.9751285 -0.220494 -0.02251142 -0.9751285 0.220494 0 0 0 -0.1558508 0.9608137 -0.2292324 0.1558508 -0.9608137 0.2292324 0 0 0 0.02054407 0.9751493 -0.220594 -0.02054407 -0.9751493 0.220594 0 0 0 -0.1321343 0.9644544 -0.228841 0.1321343 -0.9644544 0.228841 0 0 0 0.01776079 0.9751584 -0.2207955 -0.01776079 -0.9751584 0.2207955 0 0 0 -0.1407194 0.9632473 -0.2288073 0.1407194 -0.9632473 0.2288073 0 0 0 0.0161676 0.9751683 -0.220874 -0.0161676 -0.9751683 0.220874 0 0 0 -0.1203356 0.9661022 -0.2283986 0.1203356 -0.9661022 0.2283986 0 0 0 0.008677771 0.9751459 -0.2213939 -0.008677771 -0.9751459 0.2213939 0 0 0 -0.1282738 0.9650812 -0.2283947 0.1282738 -0.9650812 0.2283947 0 0 0 0.007711008 0.9751424 -0.2214447 -0.007711008 -0.9751424 0.2214447 0 0 0 -0.1091236 0.9675394 -0.2279464 0.1091236 -0.9675394 0.2279464 0 0 0 -0.004293979 0.9749856 -0.2222263 -0.004155573 0.9749907 -0.2222068 0.004293979 -0.9749856 0.2222263 0.004155573 -0.9749907 0.2222068 0 0 0 0 0 0 -0.1164108 0.9666849 -0.2279668 0.1164108 -0.9666849 0.2279668 0 0 0 -0.01291353 0.9747931 -0.2227369 0.01291353 -0.9747931 0.2227369 0 0 0 -0.09842539 0.968794 -0.2274874 0.09842539 -0.968794 0.2274874 0 0 0 -0.01206813 0.9748086 -0.2227162 0.01206813 -0.9748086 0.2227162 0 0 0 -0.1050605 0.9680877 -0.227527 0.1050605 -0.9680877 0.227527 0 0 0 -0.0177432 0.9746476 -0.2230407 0.0177432 -0.9746476 0.2230407 0 0 0 -0.08817685 0.9698891 -0.227024 0.08817685 -0.9698891 0.227024 0 0 0 -0.01651362 0.9746761 -0.223011 0.01651362 -0.9746761 0.223011 0 0 0 -0.09416093 0.9693139 -0.2270778 0.09416093 -0.9693139 0.2270778 0 0 0 -0.0226034 0.9744769 -0.2233468 0.0226034 -0.9744769 0.2233468 0 0 0 -0.07204633 0.9713844 -0.2263222 0.07204633 -0.9713844 0.2263222 0 0 0 -0.02098758 0.9745216 -0.2233095 0.02098758 -0.9745216 0.2233095 0 0 0 -0.07286818 0.9713799 -0.2260783 0.07286818 -0.9713799 0.2260783 0 0 0 -0.02749913 0.9742803 -0.2236551 0.02749913 -0.9742803 0.2236551 0 0 0 -0.04838292 0.9731299 -0.2251162 0.04838292 -0.9731299 0.2251162 0 0 0 -0.0254948 0.9743448 -0.2236119 0.0254948 -0.9743448 0.2236119 0 0 0 -0.04936558 0.9731275 -0.2249129 0.04936558 -0.9731275 0.2249129 0 0 0 -0.03243551 0.9740571 -0.2239659 0.03243551 -0.9740571 0.2239659 0 0 0 -0.03462897 0.9739211 -0.2242289 0.03462897 -0.9739211 0.2242289 0 0 0 -0.03004024 0.9741448 -0.2239183 0.03004024 -0.9741448 0.2239183 0 0 0 -0.03741781 0.9738063 -0.2242792 0.03741781 -0.9738063 0.2242792 0 0 0</float_array>
                    <technique_common>
                        <accessor count="428" source="#ID16" stride="3">
                            <param name="X" type="float" />
                            <param name="Y" type="float" />
                            <param name="Z" type="float" />
                        </accessor>
                    </technique_common>
                </source>
                <source id="ID9">
                    <Name_array id="ID17" count="0" />
                    <technique_common>
                        <accessor count="0" source="#ID17" stride="1">
                            <param name="skp_material" type="Name" />
                        </accessor>
                    </technique_common>
                </source>
                <vertices id="ID10">
                    <input semantic="POSITION" source="#ID7" />
                    <input semantic="NORMAL" source="#ID8" />
                </vertices>
                <triangles count="140" material="Material2">
                    <input offset="0" semantic="VERTEX" source="#ID10" />
                    <p>0 1 2 0 2 9 12 1 0 9 2 15 12 18 1 9 15 21 12 24 18 21 15 27 24 12 30 21 27 33 24 30 36 33 27 39 36 30 42 33 39 45 36 42 48 45 39 51 48 42 54 45 51 57 48 54 60 63 51 64 51 63 57 60 54 69 63 64 72 75 69 76 69 75 60 63 72 81 84 85 86 85 84 87 81 72 94 84 86 97 81 94 100 86 103 97 100 94 106 97 103 109 100 106 112 103 115 109 112 106 118 109 115 121 112 118 124 115 127 121 118 130 124 121 127 133 124 130 136 127 139 133 130 142 136 133 139 145 136 142 148 139 151 145 142 154 148 145 151 157 160 154 142 151 163 157 160 166 154 157 163 169 172 166 160 169 163 175 172 178 166 169 175 181 184 178 172 169 181 187 184 190 178 187 181 193 196 190 184 187 193 199 196 202 190 202 196 203 199 193 208 211 212 213 212 211 214 199 208 221 214 224 212 221 208 227 230 224 214 221 227 233 230 236 224 233 227 239 242 236 230 233 239 245 242 248 236 245 239 251 242 254 248 245 251 257 254 260 248 257 251 263 254 266 260 257 263 269 266 272 260 269 263 275 266 278 272 269 275 281 278 284 272 281 275 287 278 290 284 281 287 293 290 296 284 293 287 299 290 302 296 293 299 305 302 308 296 305 299 311 308 314 296 305 311 317 308 320 314 317 311 323 320 326 314 317 323 329 320 332 326 329 323 335 332 338 326 329 335 341 332 344 338 341 335 347 344 350 338 341 347 353 344 356 350 359 347 360 347 359 353 356 365 350 359 360 368 356 371 365 374 359 368 371 377 365 374 368 380 371 383 377 386 374 380 383 389 377 386 380 392 383 395 389 398 386 392 395 401 389 398 392 404 395 407 401 410 398 404 407 413 401 410 404 416 407 419 413 422 410 416 419 425 413 422 416 425 419 422 425</p>
                </triangles>
                <triangles count="140" material="Material3">
                    <input offset="0" semantic="VERTEX" source="#ID10" />
                    <p>3 4 5 10 3 5 5 4 13 16 3 10 4 19 13 22 16 10 19 25 13 28 16 22 31 13 25 34 28 22 37 31 25 40 28 34 43 31 37 46 40 34 49 43 37 52 40 46 55 43 49 58 52 46 61 55 49 58 65 52 66 52 65 70 55 61 73 66 65 61 77 70 78 70 77 82 73 65 88 89 90 91 90 89 95 73 82 98 91 89 101 95 82 98 104 91 107 95 101 110 104 98 113 107 101 110 116 104 119 107 113 122 116 110 125 119 113 122 128 116 125 131 119 134 128 122 137 131 125 134 140 128 137 143 131 146 140 134 149 143 137 146 152 140 149 155 143 158 152 146 143 155 161 158 164 152 155 167 161 170 164 158 161 167 173 176 164 170 167 179 173 182 176 170 173 179 185 188 182 170 179 191 185 194 182 188 185 191 197 200 194 188 204 197 205 191 205 197 209 194 200 215 216 217 218 217 216 222 209 200 217 225 215 228 209 222 215 225 231 234 228 222 225 237 231 240 228 234 231 237 243 246 240 234 237 249 243 252 240 246 249 255 243 258 252 246 249 261 255 264 252 258 261 267 255 270 264 258 261 273 267 276 264 270 273 279 267 282 276 270 273 285 279 288 276 282 285 291 279 294 288 282 285 297 291 300 288 294 297 303 291 306 300 294 297 309 303 312 300 306 297 315 309 318 312 306 315 321 309 324 312 318 315 327 321 330 324 318 327 333 321 336 324 330 327 339 333 342 336 330 339 345 333 348 336 342 339 351 345 354 348 342 351 357 345 354 361 348 362 348 361 351 366 357 369 362 361 366 372 357 369 361 375 366 378 372 381 369 375 378 384 372 381 375 387 378 390 384 393 381 387 390 396 384 393 387 399 390 402 396 405 393 399 402 408 396 405 399 411 402 414 408 417 405 411 414 420 408 417 411 423 414 426 420 426 417 423 426 423 420</p>
                </triangles>
                <lines count="274" material="Material4">
                    <input offset="0" semantic="VERTEX" source="#ID10" />
                    <p>6 7 8 6 8 7 11 8 11 6 8 14 14 7 17 6 11 17 7 20 14 20 23 11 23 17 26 14 20 26 29 17 23 29 32 26 14 32 35 23 35 29 38 32 26 38 41 29 35 41 44 38 32 44 47 35 47 41 50 44 38 50 53 41 47 53 56 50 44 56 59 47 59 53 62 56 50 62 67 68 67 59 68 53 71 62 56 71 74 68 67 74 79 80 62 80 71 79 83 67 83 74 92 93 80 93 79 92 96 74 83 96 99 92 93 99 102 83 102 96 105 99 92 105 108 96 102 108 111 105 99 111 114 102 114 108 117 111 105 117 120 108 114 120 123 117 111 123 126 114 126 120 129 123 117 129 132 120 126 132 135 129 123 135 138 126 138 132 141 135 129 141 144 132 138 144 147 141 135 147 150 138 150 144 153 147 141 153 144 156 156 150 159 153 147 159 156 162 162 144 165 159 153 165 162 168 168 156 171 165 159 171 168 174 174 162 177 171 165 177 174 180 180 168 177 183 171 183 180 186 186 174 171 189 183 189 186 192 192 180 183 195 189 195 192 198 198 186 189 201 195 201 206 198 207 206 207 192 195 210 201 210 219 206 220 219 220 207 201 223 210 223 219 226 226 220 210 229 223 229 226 232 232 219 223 235 229 235 232 238 238 226 229 241 235 241 238 244 244 232 235 247 241 247 244 250 250 238 241 253 247 253 250 256 256 244 247 259 253 259 256 262 262 250 253 265 259 265 262 268 268 256 259 271 265 271 268 274 274 262 265 277 271 277 274 280 280 268 271 283 277 283 280 286 286 274 277 289 283 289 286 292 292 280 283 295 289 295 292 298 298 286 289 301 295 301 298 304 304 292 295 307 301 307 310 304 310 298 301 313 307 313 316 298 316 310 307 319 313 319 322 310 322 316 313 325 319 325 328 316 328 322 319 331 325 331 334 322 334 328 325 337 331 337 340 328 340 334 331 343 337 343 346 334 346 340 337 349 343 349 352 340 352 346 343 355 349 355 358 346 358 352 363 364 355 364 349 363 367 352 367 358 363 370 364 370 373 358 373 367 364 376 370 376 379 367 379 373 370 382 376 382 385 373 385 379 376 388 382 388 391 379 391 385 382 394 388 394 397 385 397 391 388 400 394 400 403 391 403 397 394 406 400 406 409 397 409 403 400 412 406 412 415 403 415 409 406 418 412 418 421 409 421 415 412 424 418 424 427 415 427 421 418 427 424 427 424 421</p>
                </lines>
            </mesh>
        </geometry>
        <geometry id="ID18">
            <mesh>
                <source id="ID19">
                    <float_array id="ID23" count="1284">0.4249376 6.938894e-17 0.1285289 0.4330692 0.02755906 0.007591623 0.4264438 6.938894e-17 0.1277111 0.4264438 6.938894e-17 0.1277111 0.4330692 0.02755906 0.007591623 0.4249376 6.938894e-17 0.1285289 0.4264438 6.938894e-17 0.1277111 0.4249376 6.938894e-17 0.1285289 0.4330692 0.02755906 0.007591623 0.4315051 0.02755906 0.008526968 0.4315051 0.02755906 0.008526968 0.4315051 0.02755906 0.008526968 0.4346708 0.02755906 0.006719164 0.4346708 0.02755906 0.006719164 0.4346708 0.02755906 0.006719164 0.4234698 6.938894e-17 0.1294002 0.4234698 6.938894e-17 0.1294002 0.4234698 6.938894e-17 0.1294002 0.427986 6.938894e-17 0.1269483 0.427986 6.938894e-17 0.1269483 0.427986 6.938894e-17 0.1269483 0.4299808 0.02755906 0.009523665 0.4299808 0.02755906 0.009523665 0.4299808 0.02755906 0.009523665 0.436307 0.02755906 0.005911025 0.436307 0.02755906 0.005911025 0.436307 0.02755906 0.005911025 0.4206591 6.938894e-17 0.1312981 0.4206591 6.938894e-17 0.1312981 0.4206591 6.938894e-17 0.1312981 0.4295617 6.938894e-17 0.1262418 0.4295617 6.938894e-17 0.1262418 0.4295617 6.938894e-17 0.1262418 0.4270622 0.02755906 0.01169447 0.4270622 0.02755906 0.01169447 0.4270622 0.02755906 0.01169447 0.4379754 0.02755906 0.005168534 0.4379754 0.02755906 0.005168534 0.4379754 0.02755906 0.005168534 0.3768888 5.551115e-17 0.1679622 0.3768888 5.551115e-17 0.1679622 0.3768888 5.551115e-17 0.1679622 0.4311683 6.938894e-17 0.1255927 0.4311683 6.938894e-17 0.1255927 0.4311683 6.938894e-17 0.1255927 0.3816089 0.02755906 0.05363103 0.3816089 0.02755906 0.05363103 0.3816089 0.02755906 0.05363103 0.439673 0.02755906 0.004492907 0.439673 0.02755906 0.004492907 0.439673 0.02755906 0.004492907 0.2976 0.02755906 0.1489105 0.2976 0.02755906 0.1489105 0.2976 0.02755906 0.1489105 0.4328031 6.938894e-17 0.125002 0.4328031 6.938894e-17 0.125002 0.4328031 6.938894e-17 0.125002 0.2959902 4.163336e-17 0.2512627 0.2959902 4.163336e-17 0.2512627 0.2959902 4.163336e-17 0.2512627 0.4475972 0.02755906 0.002298331 0.4475972 0.02755906 0.002298331 0.4475972 0.02755906 0.002298331 0.2036969 0.02755906 0.2828735 0.2036969 0.02755906 0.2828735 0.2036969 0.02755906 0.2828735 0.4404339 6.938894e-17 0.1230833 0.4404339 6.938894e-17 0.1230833 0.4404339 6.938894e-17 0.1230833 0.2055638 1.387779e-17 0.3683833 0.2055638 1.387779e-17 0.3683833 0.2055638 1.387779e-17 0.3683833 0.4504692 0.02755906 0.001782409 0.4504692 0.02755906 0.001782409 0.4504692 0.02755906 0.001782409 0.1181916 0.02755906 0.4377918 0.1181916 0.02755906 0.4377918 0.1181916 0.02755906 0.4377918 0.4431995 6.938894e-17 0.1226323 0.4431995 6.938894e-17 0.1226323 0.4431995 6.938894e-17 0.1226323 0.1232242 0 0.5038245 0.1232242 0 0.5038245 0.1232242 0 0.5038245 0.4533521 0.02755906 0.001328699 0.4533521 0.02755906 0.001328699 0.4533521 0.02755906 0.001328699 0.07543899 0.02755906 0.5388254 0.07543899 0.02755906 0.5388254 0.07543899 0.02755906 0.5388254 0.4459757 6.938894e-17 0.1222356 0.4459757 6.938894e-17 0.1222356 0.4459757 6.938894e-17 0.1222356 0.08205446 0 0.5921557 0.08205446 0 0.5921557 0.08205446 0 0.5921557 0.4562445 0.02755906 0.0009374228 0.4562445 0.02755906 0.0009374228 0.4562445 0.02755906 0.0009374228 0.0471075 0.02755906 0.6057787 0.0471075 0.02755906 0.6057787 0.0471075 0.02755906 0.6057787 0.448761 6.938894e-17 0.1218935 0.448761 6.938894e-17 0.1218935 0.448761 6.938894e-17 0.1218935 0.05477191 0 0.6506914 0.05477191 0 0.6506914 0.05477191 0 0.6506914 0.459145 0.02755906 0.0006087702 0.459145 0.02755906 0.0006087702 0.459145 0.02755906 0.0006087702 0.007926435 0.02755906 0.7438952 0.007926435 0.02755906 0.7438952 0.007926435 0.02755906 0.7438952 0.4515541 6.938894e-17 0.1216062 0.4515541 6.938894e-17 0.1216062 0.4515541 6.938894e-17 0.1216062 0.01704148 0 0.7714432 0.01704148 0 0.7714432 0.01704148 0 0.7714432 0.4620522 0.02755906 0.000342901 0.4620522 0.02755906 0.000342901 0.4620522 0.02755906 0.000342901 0 0.02755906 0.784307 0 0.02755906 0.784307 0 0.02755906 0.784307 0.4543537 6.938894e-17 0.1213737 0.4543537 6.938894e-17 0.1213737 0.4543537 6.938894e-17 0.1213737 0.009408517 0 0.8067742 0.009408517 0 0.8067742 0.009408517 0 0.8067742 0.4649646 0.02755906 0.0001399447 0.4649646 0.02755906 0.0001399447 0.4649646 0.02755906 0.0001399447 0 0.02755906 0.7918431 0.009408517 0 0.8133629 0 0.02755906 0.7918431 0.009408517 0 0.8133629 0 0.02755906 0.7918431 0.009408517 0 0.8133629 0.4571583 6.938894e-17 0.1211963 0.4571583 6.938894e-17 0.1211963 0.4571583 6.938894e-17 0.1211963 3.552714e-15 0.02755906 0.8329952 0.009408517 0 0.8133629 0.009408517 0 0.8493411 0 0.02755906 0.7918431 0 0.02755906 0.7918431 3.552714e-15 0.02755906 0.8329952 0.009408517 0 0.8133629 0.009408517 0 0.8493411 3.552714e-15 0.02755906 0.8329952 0.009408517 0 0.8493411 0.4678809 0.02755906 0 0.4678809 0.02755906 0 0.4678809 0.02755906 0 0.01475881 0.02755906 0.9023519 0.01475881 0.02755906 0.9023519 0.01475881 0.02755906 0.9023519 0.4599667 6.938894e-17 0.1210739 0.4599667 6.938894e-17 0.1210739 0.4599667 6.938894e-17 0.1210739 0.02362089 0 0.909978 0.02362089 0 0.909978 0.02362089 0 0.909978 0.4852956 0.02755906 0.0001399447 0.4767366 6.938894e-17 0.1211963 0.4767366 6.938894e-17 0.1211963 0.4852956 0.02755906 0.0001399447 0.4852956 0.02755906 0.0001399447 0.4767366 6.938894e-17 0.1211963 0.03162601 0.02755906 0.940036 0.03162601 0.02755906 0.940036 0.03162601 0.02755906 0.940036 0.4882081 0.02755906 0.000342901 0.4882081 0.02755906 0.000342901 0.4882081 0.02755906 0.000342901 0.03986361 0 0.9429243 0.03986361 0 0.9429243 0.03986361 0 0.9429243 0.4795412 6.938894e-17 0.1213737 0.4795412 6.938894e-17 0.1213737 0.4795412 6.938894e-17 0.1213737 0.05533318 0.02755906 0.9739977 0.05533318 0.02755906 0.9739977 0.05533318 0.02755906 0.9739977 0.4911153 0.02755906 0.0006087702 0.4911153 0.02755906 0.0006087702 0.4911153 0.02755906 0.0006087702 0.06269304 0 0.9726161 0.06269304 0 0.9726161 0.06269304 0 0.9726161 0.4823407 6.938894e-17 0.1216062 0.4823407 6.938894e-17 0.1216062 0.4823407 6.938894e-17 0.1216062 0.09614706 0.02755906 1.021679 0.09614706 0.02755906 1.021679 0.09614706 0.02755906 1.021679 0.4940158 0.02755906 0.0009374228 0.4940158 0.02755906 0.0009374228 0.4940158 0.02755906 0.0009374228 0.1019958 0 1.014303 0.1019958 0 1.014303 0.1019958 0 1.014303 0.4851339 6.938894e-17 0.1218935 0.4851339 6.938894e-17 0.1218935 0.4851339 6.938894e-17 0.1218935 0.1484317 0 1.040289 0.1484317 0 1.040289 0.1484317 0 1.040289 0.4969082 0.02755906 0.001328699 0.4969082 0.02755906 0.001328699 0.4969082 0.02755906 0.001328699 0.1443683 0.02755906 1.051402 0.1443683 0.02755906 1.051402 0.1443683 0.02755906 1.051402 0.4879192 6.938894e-17 0.1222356 0.4879192 6.938894e-17 0.1222356 0.4879192 6.938894e-17 0.1222356 0.2192787 0 1.068537 0.2192787 0 1.068537 0.2192787 0 1.068537 0.4997911 0.02755906 0.001782409 0.4997911 0.02755906 0.001782409 0.4997911 0.02755906 0.001782409 0.2179391 0.02755906 1.083712 0.2179391 0.02755906 1.083712 0.2179391 0.02755906 1.083712 0.4906953 6.938894e-17 0.1226323 0.4906953 6.938894e-17 0.1226323 0.4906953 6.938894e-17 0.1226323 0.2901256 0 1.08367 0.2901256 0 1.08367 0.2901256 0 1.08367 0.5035599 0.02755906 0.002479564 0.5035599 0.02755906 0.002479564 0.5035599 0.02755906 0.002479564 0.29151 0.02755906 1.101021 0.29151 0.02755906 1.101021 0.29151 0.02755906 1.101021 0.4943246 6.938894e-17 0.1232418 0.4943246 6.938894e-17 0.1232418 0.4943246 6.938894e-17 0.1232418 0.3779994 0 1.09741 0.3779994 0 1.09741 0.3779994 0 1.09741 0.5105872 0.02755906 0.004492907 0.5105872 0.02755906 0.004492907 0.5105872 0.02755906 0.004492907 0.3827623 0.02755906 1.116738 0.3827623 0.02755906 1.116738 0.3827623 0.02755906 1.116738 0.5010918 6.938894e-17 0.125002 0.5010918 6.938894e-17 0.125002 0.5010918 6.938894e-17 0.125002 0.4262398 0 1.099727 0.4262398 0 1.099727 0.4262398 0 1.099727 0.5122849 0.02755906 0.005168534 0.5122849 0.02755906 0.005168534 0.5122849 0.02755906 0.005168534 0.4328573 0.02755906 1.119388 0.4328573 0.02755906 1.119388 0.4328573 0.02755906 1.119388 0.5027266 6.938894e-17 0.1255927 0.5027266 6.938894e-17 0.1255927 0.5027266 6.938894e-17 0.1255927 0.4599667 0 1.100672 0.4599667 0 1.100672 0.4599667 0 1.100672 0.5139532 0.02755906 0.005911025 0.5139532 0.02755906 0.005911025 0.5139532 0.02755906 0.005911025 0.4678809 0.02755906 1.120469 0.4678809 0.02755906 1.120469 0.4678809 0.02755906 1.120469 0.5043331 6.938894e-17 0.1262418 0.5043331 6.938894e-17 0.1262418 0.5043331 6.938894e-17 0.1262418 0.4739282 0 1.100672 0.4823793 0.02755906 1.120469 0.4823793 0.02755906 1.120469 0.4739282 0 1.100672 0.4739282 0 1.100672 0.4823793 0.02755906 1.120469 0.5155895 0.02755906 0.006719164 0.5155895 0.02755906 0.006719164 0.5155895 0.02755906 0.006719164 0.5076551 0 1.099727 0.5076551 0 1.099727 0.5076551 0 1.099727 0.5059088 6.938894e-17 0.1269483 0.5059088 6.938894e-17 0.1269483 0.5059088 6.938894e-17 0.1269483 0.5174029 0.02755906 1.119388 0.5174029 0.02755906 1.119388 0.5174029 0.02755906 1.119388 0.517191 0.02755906 0.007591623 0.517191 0.02755906 0.007591623 0.517191 0.02755906 0.007591623 0.5558955 0 1.09741 0.5558955 0 1.09741 0.5558955 0 1.09741 0.5074511 6.938894e-17 0.1277111 0.5074511 6.938894e-17 0.1277111 0.5074511 6.938894e-17 0.1277111 0.567498 0.02755906 1.116738 0.567498 0.02755906 1.116738 0.567498 0.02755906 1.116738 0.5187552 0.02755906 0.008526968 0.5187552 0.02755906 0.008526968 0.5187552 0.02755906 0.008526968 0.6437692 0 1.08367 0.6437692 0 1.08367 0.6437692 0 1.08367 0.5089573 6.938894e-17 0.1285289 0.5089573 6.938894e-17 0.1285289 0.5089573 6.938894e-17 0.1285289 0.6587503 0.02755906 1.101021 0.6587503 0.02755906 1.101021 0.6587503 0.02755906 1.101021 0.5231981 0.02755906 0.01169447 0.5231981 0.02755906 0.01169447 0.5231981 0.02755906 0.01169447 0.7146162 0 1.068537 0.7146162 0 1.068537 0.7146162 0 1.068537 0.5132357 6.938894e-17 0.1312981 0.5132357 6.938894e-17 0.1312981 0.5132357 6.938894e-17 0.1312981 0.7323211 0.02755906 1.083712 0.7323211 0.02755906 1.083712 0.7323211 0.02755906 1.083712 0.5686513 0.02755906 0.05363103 0.5686513 0.02755906 0.05363103 0.5686513 0.02755906 0.05363103 0.7854632 0 1.040289 0.7854632 0 1.040289 0.7854632 0 1.040289 0.5570061 5.551115e-17 0.1679622 0.5570061 5.551115e-17 0.1679622 0.5570061 5.551115e-17 0.1679622 0.805892 0.02755906 1.051402 0.805892 0.02755906 1.051402 0.805892 0.02755906 1.051402 0.6379047 4.163336e-17 0.2512627 0.6379047 4.163336e-17 0.2512627 0.6379047 4.163336e-17 0.2512627 0.831899 0 1.014303 0.831899 0 1.014303 0.831899 0 1.014303 0.6526603 0.02755906 0.1489105 0.6526603 0.02755906 0.1489105 0.6526603 0.02755906 0.1489105 0.8541132 0.02755906 1.021679 0.8541132 0.02755906 1.021679 0.8541132 0.02755906 1.021679 0.7283311 1.387779e-17 0.3683833 0.7283311 1.387779e-17 0.3683833 0.7283311 1.387779e-17 0.3683833 0.8949271 0.02755906 0.9739977 0.8949271 0.02755906 0.9739977 0.8949271 0.02755906 0.9739977 0.7465633 0.02755906 0.2828735 0.7465633 0.02755906 0.2828735 0.7465633 0.02755906 0.2828735 0.8712018 0 0.9726161 0.8712018 0 0.9726161 0.8712018 0 0.9726161 0.8106707 0 0.5038245 0.8106707 0 0.5038245 0.8106707 0 0.5038245 0.9186342 0.02755906 0.940036 0.9186342 0.02755906 0.940036 0.9186342 0.02755906 0.940036 0.8320686 0.02755906 0.4377918 0.8320686 0.02755906 0.4377918 0.8320686 0.02755906 0.4377918 0.8940313 0 0.9429243 0.8940313 0 0.9429243 0.8940313 0 0.9429243 0.8518404 0 0.5921557 0.8518404 0 0.5921557 0.8518404 0 0.5921557 0.9355014 0.02755906 0.9023519 0.9355014 0.02755906 0.9023519 0.9355014 0.02755906 0.9023519 0.8748212 0.02755906 0.5388254 0.8748212 0.02755906 0.5388254 0.8748212 0.02755906 0.5388254 0.910274 0 0.909978 0.910274 0 0.909978 0.910274 0 0.909978 0.879123 0 0.6506914 0.879123 0 0.6506914 0.879123 0 0.6506914 0.9502602 0.02755906 0.8329952 0.9502602 0.02755906 0.8329952 0.9502602 0.02755906 0.8329952 0.9031527 0.02755906 0.6057787 0.9031527 0.02755906 0.6057787 0.9031527 0.02755906 0.6057787 0.9244864 0 0.8493411 0.9244864 0 0.8493411 0.9244864 0 0.8493411 0.9168534 0 0.7714432 0.9168534 0 0.7714432 0.9168534 0 0.7714432 0.9502602 0.02755906 0.7918431 0.9244864 0 0.8133629 0.9502602 0.02755906 0.7918431 0.9244864 0 0.8133629 0.9502602 0.02755906 0.7918431 0.9244864 0 0.8133629 0.9423338 0.02755906 0.7438952 0.9423338 0.02755906 0.7438952 0.9423338 0.02755906 0.7438952 0.9502602 0.02755906 0.784307 0.9244864 0 0.8133629 0.9244864 0 0.8067742 0.9502602 0.02755906 0.7918431 0.9502602 0.02755906 0.7918431 0.9502602 0.02755906 0.784307 0.9244864 0 0.8133629 0.9244864 0 0.8067742 0.9502602 0.02755906 0.784307 0.9244864 0 0.8067742</float_array>
                    <technique_common>
                        <accessor count="428" source="#ID23" stride="3">
                            <param name="X" type="float" />
                            <param name="Y" type="float" />
                            <param name="Z" type="float" />
                        </accessor>
                    </technique_common>
                </source>
                <source id="ID20">
                    <float_array id="ID24" count="1284">-0.1320356 -0.9645067 -0.2286773 -0.1283519 -0.9650368 -0.2285382 -0.1202509 -0.9661488 -0.2282458 0.1202509 0.9661488 0.2282458 0.1283519 0.9650368 0.2285382 0.1320356 0.9645067 0.2286773 0 0 0 0 0 0 0 0 0 -0.1408116 -0.9631973 -0.228961 0.1408116 0.9631973 0.228961 0 0 0 -0.1164761 -0.9666456 -0.2280999 0.1164761 0.9666456 0.2280999 0 0 0 -0.1489804 -0.961916 -0.2291777 0.1489804 0.961916 0.2291777 0 0 0 -0.1090516 -0.9675809 -0.2278046 0.1090516 0.9675809 0.2278046 0 0 0 -0.1559404 -0.9607482 -0.2294462 0.1559404 0.9607482 0.2294462 0 0 0 -0.1051142 -0.9680531 -0.2276494 0.1051142 0.9680531 0.2276494 0 0 0 -0.1818715 -0.9560637 -0.2299237 0.1818715 0.9560637 0.2299237 0 0 0 -0.0983648 -0.9688308 -0.227357 0.0983648 0.9688308 0.227357 0 0 0 -0.1813636 -0.9558377 -0.2312607 0.1813636 0.9558377 0.2312607 0 0 0 -0.09420423 -0.9692835 -0.2271894 0.09420423 0.9692835 0.2271894 0 0 0 -0.2484889 -0.938068 -0.2414161 0.2484889 0.938068 0.2414161 0 0 0 -0.08812652 -0.9699216 -0.226905 0.08812652 0.9699216 0.226905 0 0 0 -0.230407 -0.9437899 -0.2370089 0.230407 0.9437899 0.2370089 0 0 0 -0.07302532 -0.9713089 -0.2263325 0.07302532 0.9713089 0.2263325 0 0 0 -0.2840693 -0.9264967 -0.2467964 0.2840693 0.9264967 0.2467964 0 0 0 -0.07206327 -0.9714298 -0.2261215 0.07206327 0.9714298 0.2261215 0 0 0 -0.3335575 -0.9072636 -0.2561488 0.3335575 0.9072636 0.2561488 0 0 0 -0.04932577 -0.9730879 -0.2250931 0.04932577 0.9730879 0.2250931 0 0 0 -0.3822686 -0.8840659 -0.2688832 0.3822686 0.8840659 0.2688832 0 0 0 -0.04823683 -0.9731931 -0.2248741 0.04823683 0.9731931 0.2248741 0 0 0 -0.4512294 -0.8503215 -0.2708237 0.4512294 0.8503215 0.2708237 0 0 0 -0.03742735 -0.9737888 -0.2243538 0.03742735 0.9737888 0.2243538 0 0 0 -0.5183123 -0.8051158 -0.2883416 0.5183123 0.8051158 0.2883416 0 0 0 -0.03461319 -0.9739398 -0.2241499 0.03461319 0.9739398 0.2241499 0 0 0 -0.5949685 -0.7542127 -0.277805 0.5949685 0.7542127 0.277805 0 0 0 -0.03244193 -0.974042 -0.2240306 0.03244193 0.974042 0.2240306 0 0 0 -0.6341032 -0.7193721 -0.2835786 0.6341032 0.7193721 0.2835786 0 0 0 -0.0300275 -0.974161 -0.2238496 0.0300275 0.974161 0.2238496 0 0 0 -0.6530175 -0.6991815 -0.2910555 0.6530175 0.6991815 0.2910555 0 0 0 -0.02750288 -0.9742676 -0.2237101 0.02750288 0.9742676 0.2237101 0 0 0 -0.6897055 -0.6676647 -0.2802324 0.6897055 0.6676647 0.2802324 0 0 0 -0.02548466 -0.9743585 -0.2235534 0.02548466 0.9743585 0.2235534 0 0 0 -0.7588507 -0.6025813 -0.2470654 0.7588507 0.6025813 0.2470654 0 0 0 -0.02260493 -0.9744666 -0.2233919 0.02260493 0.9744666 0.2233919 0 0 0 -0.8285309 -0.5116371 -0.2275171 0.8285309 0.5116371 0.2275171 0 0 0 -0.0209796 -0.9745329 -0.2232612 0.0209796 0.9745329 0.2232612 0 0 0 -0.8559233 -0.4761026 -0.2017961 0.8559233 0.4761026 0.2017961 0 0 0 -0.01774295 -0.9746395 -0.2230762 0.01774295 0.9746395 0.2230762 0 0 0 -0.8993637 -0.4184102 -0.1267983 0.8993637 0.4184102 0.1267983 0 0 0 -0.0165074 -0.9746849 -0.2229729 0.0165074 0.9746849 0.2229729 0 0 0 -0.9291656 -0.3649888 -0.05860438 0.9291656 0.3649888 0.05860438 0 0 0 -0.01291192 -0.9747872 -0.2227626 0.01291192 0.9747872 0.2227626 0 0 0 -0.9463697 -0.3230857 6.583109e-16 -0.9463697 -0.3230857 6.583109e-16 0.9463697 0.3230857 -6.583109e-16 0.9463697 0.3230857 -6.583109e-16 0 0 0 0 0 0 -0.01206324 -0.974815 -0.2226884 0.01206324 0.974815 0.2226884 0 0 0 -0.9556874 -0.286742 0.06663826 -0.9463697 -0.3230857 8.676307e-14 -0.9575892 -0.2518981 0.1398936 -0.9463697 -0.3230857 8.676307e-14 0.9463697 0.3230857 -8.676307e-14 0.9556874 0.286742 -0.06663826 0.9463697 0.3230857 -8.676307e-14 0.9575892 0.2518981 -0.1398936 0 0 0 0 0 0 -0.004148899 -0.9749885 -0.2222165 0.004148899 0.9749885 0.2222165 0 0 0 -0.9329828 -0.2124018 0.2905659 0.9329828 0.2124018 -0.2905659 0 0 0 -0.004286241 -0.9749885 -0.2222142 0.004286241 0.9749885 0.2222142 0 0 0 -0.9159318 -0.2132522 0.3399888 0.9159318 0.2132522 -0.3399888 0 0 0 0.008687027 -0.9751495 -0.2213776 0.007722354 -0.975139 -0.2214596 -0.007722354 0.975139 0.2214596 -0.008687027 0.9751495 0.2213776 0 0 0 0 0 0 -0.8544694 -0.1932105 0.4822362 0.8544694 0.1932105 -0.4822362 0 0 0 0.01776104 -0.9751664 -0.22076 -0.01776104 0.9751664 0.22076 0 0 0 -0.8310445 -0.209118 0.5153976 0.8310445 0.209118 -0.5153976 0 0 0 0.01617357 -0.97516 -0.2209105 -0.01617357 0.97516 0.2209105 0 0 0 -0.7647568 -0.221061 0.60521 0.7647568 0.221061 -0.60521 0 0 0 0.02250993 -0.9751387 -0.2204492 -0.02250993 0.9751387 0.2204492 0 0 0 -0.7472281 -0.2455857 0.6175255 0.7472281 0.2455857 -0.6175255 0 0 0 0.02055168 -0.9751387 -0.2206403 -0.02055168 0.9751387 0.2206403 0 0 0 -0.5929406 -0.3215581 0.7382559 0.5929406 0.3215581 -0.7382559 0 0 0 0.02726717 -0.9750875 -0.2201381 -0.02726717 0.9750875 0.2201381 0 0 0 -0.5818828 -0.3232351 0.7462784 0.5818828 0.3232351 -0.7462784 0 0 0 0.0249396 -0.9750972 -0.2203713 -0.0249396 0.9750972 0.2203713 0 0 0 -0.4118228 -0.3817786 0.827434 0.4118228 0.3817786 -0.827434 0 0 0 0.03203735 -0.9750128 -0.2198263 -0.03203735 0.9750128 0.2198263 0 0 0 -0.4129154 -0.4012897 0.8175986 0.4129154 0.4012897 -0.8175986 0 0 0 0.0293418 -0.9750352 -0.2201032 -0.0293418 0.9750352 0.2201032 0 0 0 -0.2743376 -0.4657898 0.8412959 0.2743376 0.4657898 -0.8412959 0 0 0 0.03736397 -0.9749034 -0.2194703 -0.03736397 0.9749034 0.2194703 0 0 0 -0.2662053 -0.4798356 0.8359979 0.2662053 0.4798356 -0.8359979 0 0 0 0.0343287 -0.9749396 -0.2198052 -0.0343287 0.9749396 0.2198052 0 0 0 -0.1651482 -0.5148076 0.8412486 0.1651482 0.5148076 -0.8412486 0 0 0 0.05032983 -0.9745405 -0.2184896 -0.05032983 0.9745405 0.2184896 0 0 0 -0.1621438 -0.5234837 0.8364653 0.1621438 0.5234837 -0.8364653 0 0 0 0.04774666 -0.9745716 -0.21893 -0.04774666 0.9745716 0.21893 0 0 0 -0.09581874 -0.5569761 0.8249826 0.09581874 0.5569761 -0.8249826 0 0 0 0.07209795 -0.9735547 -0.2167789 -0.07209795 0.9735547 0.2167789 0 0 0 -0.08467424 -0.5632977 0.8219039 0.08467424 0.5632977 -0.8219039 0 0 0 0.06897816 -0.9736659 -0.2172941 -0.06897816 0.9736659 0.2172941 0 0 0 -0.03366459 -0.5740382 0.8181362 0.03366459 0.5740382 -0.8181362 0 0 0 0.08971245 -0.9724072 -0.2153507 -0.08971245 0.9724072 0.2153507 0 0 0 -0.03232971 -0.5758479 0.8169173 0.03232971 0.5758479 -0.8169173 0 0 0 0.08352778 -0.9727992 -0.2160668 -0.08352778 0.9727992 0.2160668 0 0 0 -0.01382185 -0.5801777 0.8143726 0.01382185 0.5801777 -0.8143726 0 0 0 0.09947671 -0.9716432 -0.2145086 -0.09947671 0.9716432 0.2145086 0 0 0 -0.01066646 -0.5813576 0.8135783 0.01066646 0.5813576 -0.8135783 0 0 0 0.09274971 -0.9721315 -0.2153089 -0.09274971 0.9721315 0.2153089 0 0 0 0.009639329 -0.5853341 0.8107349 0.01372393 -0.5855846 0.8104951 -0.01372393 0.5855846 -0.8104951 -0.009639329 0.5853341 -0.8107349 0 0 0 0 0 0 0.1095271 -0.9707576 -0.2136199 -0.1095271 0.9707576 0.2136199 0 0 0 0.03006751 -0.5880876 0.8082381 -0.03006751 0.5880876 -0.8082381 0 0 0 0.1022681 -0.9713537 -0.214507 -0.1022681 0.9713537 0.214507 0 0 0 0.0339225 -0.5873204 0.8086433 -0.0339225 0.5873204 -0.8086433 0 0 0 0.1199065 -0.9697374 -0.2126776 -0.1199065 0.9697374 0.2126776 0 0 0 0.07531445 -0.5946579 0.8004435 -0.07531445 0.5946579 -0.8004435 0 0 0 0.1121279 -0.9704532 -0.2136539 -0.1121279 0.9704532 0.2136539 0 0 0 0.09196987 -0.593969 0.7992136 -0.09196987 0.593969 -0.7992136 0 0 0 0.1345241 -0.9681291 -0.2112564 -0.1345241 0.9681291 0.2112564 0 0 0 0.1484283 -0.5870424 0.795833 -0.1484283 0.5870424 -0.795833 0 0 0 0.1294459 -0.9686149 -0.2122002 -0.1294459 0.9686149 0.2122002 0 0 0 0.159905 -0.5818522 0.7974198 -0.159905 0.5818522 -0.7974198 0 0 0 0.1616859 -0.9645747 -0.2084544 -0.1616859 0.9645747 0.2084544 0 0 0 0.2283186 -0.5831456 0.7796229 -0.2283186 0.5831456 -0.7796229 0 0 0 0.1664736 -0.9630904 -0.2115265 -0.1664736 0.9630904 0.2115265 0 0 0 0.2611061 -0.5803507 0.7713733 -0.2611061 0.5803507 -0.7713733 0 0 0 0.1991899 -0.9574285 -0.2089353 -0.1991899 0.9574285 0.2089353 0 0 0 0.3530161 -0.5722679 0.7401953 -0.3530161 0.5722679 -0.7401953 0 0 0 0.203462 -0.9563409 -0.2097983 -0.203462 0.9563409 0.2097983 0 0 0 0.3832239 -0.5640876 0.7313991 -0.3832239 0.5640876 -0.7313991 0 0 0 0.262893 -0.9410213 -0.2129932 -0.262893 0.9410213 0.2129932 0 0 0 0.4978019 -0.5774615 0.6470946 -0.4978019 0.5774615 -0.6470946 0 0 0 0.2598533 -0.9406185 -0.2184335 -0.2598533 0.9406185 0.2184335 0 0 0 0.5410161 -0.5951376 0.594233 -0.5410161 0.5951376 -0.594233 0 0 0 0.3424695 -0.913833 -0.2182291 -0.3424695 0.913833 0.2182291 0 0 0 0.6401316 -0.587493 0.4950591 -0.6401316 0.587493 -0.4950591 0 0 0 0.3373389 -0.9139287 -0.2256918 -0.3373389 0.9139287 0.2256918 0 0 0 0.6290915 -0.5588381 0.5403184 -0.6290915 0.5588381 -0.5403184 0 0 0 0.4403436 -0.8712725 -0.2167527 -0.4403436 0.8712725 0.2167527 0 0 0 0.7036984 -0.5973453 0.3846909 -0.7036984 0.5973453 -0.3846909 0 0 0 0.4337651 -0.8720957 -0.2264881 -0.4337651 0.8720957 0.2264881 0 0 0 0.6923099 -0.5629839 0.4513935 -0.6923099 0.5629839 -0.4513935 0 0 0 0.4864592 -0.8448254 -0.2227724 -0.4864592 0.8448254 0.2227724 0 0 0 0.745275 -0.6268155 0.2273048 -0.745275 0.6268155 -0.2273048 0 0 0 0.5056121 -0.8350162 -0.2170354 -0.5056121 0.8350162 0.2170354 0 0 0 0.7467671 -0.5980025 0.2910874 -0.7467671 0.5980025 -0.2910874 0 0 0 0.5557898 -0.8083205 -0.1942054 -0.5557898 0.8083205 0.1942054 0 0 0 0.7439508 -0.6656293 0.05894735 -0.7439508 0.6656293 -0.05894735 0 0 0 0.545345 -0.8114332 -0.2101786 -0.545345 0.8114332 0.2101786 0 0 0 0.7590649 -0.6403771 0.1172072 -0.7590649 0.6403771 -0.1172072 0 0 0 0.6395843 -0.7530101 -0.1546214 -0.6395843 0.7530101 0.1546214 0 0 0 0.7303662 -0.6830557 -6.706212e-14 0.7303662 -0.6830557 -6.706212e-14 -0.7303662 0.6830557 6.706212e-14 -0.7303662 0.6830557 6.706212e-14 0 0 0 0 0 0 0.6396342 -0.7511563 -0.1631943 -0.6396342 0.7511563 0.1631943 0 0 0 0.6916097 -0.7171059 -0.08622773 0.7303662 -0.6830557 2.032221e-15 0.7072978 -0.7052009 -0.04920873 0.7303662 -0.6830557 2.032221e-15 -0.7303662 0.6830557 -2.032221e-15 -0.6916097 0.7171059 0.08622773 -0.7303662 0.6830557 -2.032221e-15 -0.7072978 0.7052009 0.04920873 0 0 0 0 0 0</float_array>
                    <technique_common>
                        <accessor count="428" source="#ID24" stride="3">
                            <param name="X" type="float" />
                            <param name="Y" type="float" />
                            <param name="Z" type="float" />
                        </accessor>
                    </technique_common>
                </source>
                <source id="ID21">
                    <Name_array id="ID25" count="0" />
                    <technique_common>
                        <accessor count="0" source="#ID25" stride="1">
                            <param name="skp_material" type="Name" />
                        </accessor>
                    </technique_common>
                </source>
                <vertices id="ID22">
                    <input semantic="POSITION" source="#ID19" />
                    <input semantic="NORMAL" source="#ID20" />
                </vertices>
                <triangles count="280" material="Material2">
                    <input offset="0" semantic="VERTEX" source="#ID22" />
                    <p>0 1 2 3 4 5 0 9 1 4 10 5 2 1 12 13 4 3 15 9 0 5 10 16 2 12 18 19 13 3 15 21 9 10 22 16 18 12 24 25 13 19 27 21 15 16 22 28 18 24 30 31 25 19 27 33 21 22 34 28 30 24 36 37 25 31 39 33 27 28 34 40 30 36 42 43 37 31 39 45 33 34 46 40 42 36 48 49 37 43 39 51 45 46 52 40 42 48 54 55 49 43 57 51 39 40 52 58 54 48 60 61 49 55 63 51 57 58 52 64 54 60 66 67 61 55 69 63 57 58 64 70 66 60 72 73 61 67 75 63 69 70 64 76 66 72 78 79 73 67 81 75 69 70 76 82 78 72 84 85 73 79 87 75 81 82 76 88 78 84 90 91 85 79 93 87 81 82 88 94 90 84 96 97 85 91 99 87 93 94 88 100 90 96 102 103 97 91 105 99 93 94 100 106 102 96 108 109 97 103 99 105 111 112 106 100 102 108 114 115 109 103 111 105 117 118 106 112 114 108 120 121 109 115 111 117 123 124 118 112 114 120 126 127 121 115 123 117 129 130 118 124 126 120 132 133 121 127 135 129 136 129 135 123 124 137 130 138 130 137 126 132 141 142 133 127 144 145 146 145 144 147 148 149 150 151 150 149 141 132 154 155 133 142 144 146 157 158 151 149 141 154 160 161 155 142 157 146 163 164 151 158 166 160 154 160 166 167 168 169 161 155 161 169 157 163 172 173 164 158 167 166 175 176 169 168 172 163 178 179 164 173 181 167 175 176 168 182 172 178 184 185 179 173 181 175 187 188 176 182 184 178 190 191 179 185 193 181 187 188 182 194 184 190 196 197 191 185 193 187 199 200 188 194 196 190 202 203 191 197 205 193 199 200 194 206 208 196 202 203 197 209 205 199 211 212 200 206 208 214 196 197 215 209 217 205 211 212 206 218 220 214 208 209 215 221 217 211 223 224 212 218 220 226 214 215 227 221 229 217 223 224 218 230 232 226 220 221 227 233 229 223 235 236 224 230 238 226 232 233 227 239 241 229 235 236 230 242 244 238 232 233 239 245 241 235 247 248 236 242 250 238 244 245 239 251 253 241 247 248 242 254 256 250 244 245 251 257 253 247 259 260 248 254 262 250 256 257 251 263 265 253 259 260 254 266 268 262 256 257 263 269 265 259 271 272 260 266 274 262 268 269 263 275 277 265 271 272 266 278 280 274 268 274 280 281 282 283 275 269 275 283 277 271 286 287 272 278 289 281 280 283 282 290 292 277 286 287 278 293 295 281 289 290 282 296 292 286 298 299 287 293 301 295 289 290 296 302 304 292 298 299 293 305 307 295 301 302 296 308 304 298 310 311 299 305 313 307 301 302 308 314 316 304 310 311 305 317 319 307 313 314 308 320 316 310 322 323 311 317 325 319 313 314 320 326 328 316 322 323 317 329 331 319 325 326 320 332 328 322 334 335 323 329 337 331 325 326 332 338 340 328 334 335 329 341 343 331 337 338 332 344 346 340 334 335 341 347 349 343 337 338 344 350 346 334 352 353 335 347 355 343 349 350 344 356 358 346 352 353 347 359 355 349 361 362 350 356 358 352 364 365 353 359 361 349 367 368 350 362 370 358 364 365 359 371 361 367 373 374 368 362 370 364 376 377 365 371 373 367 379 380 368 374 382 370 376 377 371 383 373 379 385 386 380 374 382 376 388 389 377 383 385 379 391 392 380 386 394 382 388 389 383 395 385 391 397 398 392 386 394 388 400 401 389 395 397 391 403 404 392 398 406 394 400 401 395 407 409 403 410 403 409 397 398 411 404 412 404 411 406 400 415 416 401 407 418 419 420 419 418 421 422 423 424 425 424 423 420 406 415 416 407 425 420 415 418 423 416 425</p>
                </triangles>
                <lines count="274" material="Material3">
                    <input offset="0" semantic="VERTEX" source="#ID22" />
                    <p>6 7 8 7 8 6 8 11 11 7 14 8 14 6 7 17 11 17 20 6 14 20 11 23 23 17 26 14 26 20 17 29 23 29 32 20 26 32 23 35 35 29 38 26 38 32 29 41 35 41 44 32 38 44 35 47 47 41 50 38 50 44 53 41 47 53 56 44 50 56 53 59 41 59 62 50 62 56 65 59 53 65 68 56 62 68 65 71 59 71 74 62 74 68 77 71 65 77 80 68 74 80 77 83 71 83 86 74 86 80 89 83 77 89 92 80 86 92 89 95 83 95 98 86 98 92 101 95 89 101 104 92 98 104 101 107 95 107 110 98 110 104 113 107 101 113 116 104 110 116 113 119 107 119 122 110 122 116 125 119 113 125 128 116 122 128 125 131 119 131 134 122 134 128 139 140 125 139 131 140 143 128 134 143 152 153 139 152 140 153 156 134 156 143 159 153 152 159 162 143 156 162 159 165 153 165 170 156 170 171 171 162 174 165 159 174 177 170 177 171 174 180 165 180 183 171 177 183 186 180 174 186 189 177 189 183 186 192 180 192 195 183 189 195 198 192 186 198 201 189 201 195 198 204 192 204 207 195 201 207 204 210 210 198 213 201 213 207 198 216 216 210 219 207 213 219 210 222 222 216 225 213 225 219 216 228 228 222 231 219 225 231 222 234 234 228 237 225 237 231 228 240 240 234 243 231 237 243 234 246 246 240 249 237 249 243 240 252 252 246 255 243 249 255 246 258 258 252 261 249 261 255 252 264 264 258 267 255 261 267 258 270 270 264 273 261 273 267 264 276 276 270 279 267 273 279 270 284 285 284 276 285 288 273 288 279 284 291 291 285 294 279 288 294 285 297 297 291 300 288 300 294 291 303 303 297 306 294 300 306 297 309 309 303 312 300 312 306 303 315 315 309 318 306 312 318 309 321 321 315 324 312 324 318 315 327 327 321 330 318 324 330 321 333 333 327 336 324 336 330 327 339 339 333 342 330 336 342 333 345 345 339 336 348 348 342 339 351 351 345 354 348 354 336 345 357 357 351 354 360 360 348 363 351 357 363 366 360 366 354 363 369 351 369 366 372 372 360 375 369 363 375 378 372 378 366 375 381 369 381 378 384 384 372 387 381 375 387 390 384 390 378 387 393 381 393 390 396 396 384 399 393 387 399 402 396 402 390 399 405 393 405 402 408 408 396 413 414 399 413 405 414 417 408 417 402 426 427 413 426 414 427 417 427 427 408 426 417</p>
                </lines>
            </mesh>
        </geometry>
        <geometry id="ID26">
            <mesh>
                <source id="ID29">
                    <float_array id="ID33" count="630">0.4571583 0.05511811 0.1211963 0.4767366 0.05511811 0.1211963 0.4599667 0.05511811 0.1210739 0.4543537 0.05511811 0.1213737 0.4795412 0.05511811 0.1213737 0.4515541 0.05511811 0.1216062 0.4823407 0.05511811 0.1216062 0.448761 0.05511811 0.1218935 0.4851339 0.05511811 0.1218935 0.4459757 0.05511811 0.1222356 0.4879192 0.05511811 0.1222356 0.4431995 0.05511811 0.1226323 0.4906953 0.05511811 0.1226323 0.4404339 0.05511811 0.1230833 0.4943246 0.05511811 0.1232418 0.4328031 0.05511811 0.125002 0.5010918 0.05511811 0.125002 0.5027266 0.05511811 0.1255927 0.4311683 0.05511811 0.1255927 0.4295617 0.05511811 0.1262418 0.5043331 0.05511811 0.1262418 0.427986 0.05511811 0.1269483 0.5059088 0.05511811 0.1269483 0.5074511 0.05511811 0.1277111 0.4264438 0.05511811 0.1277111 0.4249376 0.05511811 0.1285289 0.5089573 0.05511811 0.1285289 0.4234698 0.05511811 0.1294002 0.5132357 0.05511811 0.1312981 0.4206591 0.05511811 0.1312981 0.3768888 0.05511811 0.1679622 0.5570061 0.05511811 0.1679622 0.6379047 0.05511811 0.2512627 0.2959902 0.05511811 0.2512627 0.2055638 0.05511811 0.3683833 0.7283311 0.05511811 0.3683833 0.1232242 0.05511811 0.5038245 0.8106707 0.05511811 0.5038245 0.08205446 0.05511811 0.5921557 0.8518404 0.05511811 0.5921557 0.05477191 0.05511811 0.6506914 0.879123 0.05511811 0.6506914 0.9168534 0.05511811 0.7714432 0.01704148 0.05511811 0.7714432 0.009408517 0.05511811 0.8067742 0.9244864 0.05511811 0.8067742 0.9244864 0.05511811 0.8133629 0.009408517 0.05511811 0.8133629 0.9244864 0.05511811 0.8493411 0.009408517 0.05511811 0.8493411 0.02362089 0.05511811 0.909978 0.910274 0.05511811 0.909978 0.03986361 0.05511811 0.9429243 0.8940313 0.05511811 0.9429243 0.8712018 0.05511811 0.9726161 0.06269304 0.05511811 0.9726161 0.1019958 0.05511811 1.014303 0.831899 0.05511811 1.014303 0.1484317 0.05511811 1.040289 0.7854632 0.05511811 1.040289 0.2192787 0.05511811 1.068537 0.7146162 0.05511811 1.068537 0.2901256 0.05511811 1.08367 0.6437692 0.05511811 1.08367 0.3779994 0.05511811 1.09741 0.5558955 0.05511811 1.09741 0.4262398 0.05511811 1.099727 0.5076551 0.05511811 1.099727 0.4739282 0.05511811 1.100672 0.4599667 0.05511811 1.100672 0.4599667 0.05511811 1.100672 0.4262398 0.05511811 1.099727 0.4739282 0.05511811 1.100672 0.5076551 0.05511811 1.099727 0.5558955 0.05511811 1.09741 0.3779994 0.05511811 1.09741 0.6437692 0.05511811 1.08367 0.2901256 0.05511811 1.08367 0.7146162 0.05511811 1.068537 0.2192787 0.05511811 1.068537 0.7854632 0.05511811 1.040289 0.1484317 0.05511811 1.040289 0.831899 0.05511811 1.014303 0.1019958 0.05511811 1.014303 0.8712018 0.05511811 0.9726161 0.06269304 0.05511811 0.9726161 0.03986361 0.05511811 0.9429243 0.8940313 0.05511811 0.9429243 0.910274 0.05511811 0.909978 0.02362089 0.05511811 0.909978 0.9244864 0.05511811 0.8493411 0.009408517 0.05511811 0.8493411 0.009408517 0.05511811 0.8133629 0.9244864 0.05511811 0.8133629 0.009408517 0.05511811 0.8067742 0.9244864 0.05511811 0.8067742 0.9168534 0.05511811 0.7714432 0.01704148 0.05511811 0.7714432 0.05477191 0.05511811 0.6506914 0.879123 0.05511811 0.6506914 0.8518404 0.05511811 0.5921557 0.08205446 0.05511811 0.5921557 0.8106707 0.05511811 0.5038245 0.1232242 0.05511811 0.5038245 0.7283311 0.05511811 0.3683833 0.2055638 0.05511811 0.3683833 0.6379047 0.05511811 0.2512627 0.2959902 0.05511811 0.2512627 0.3768888 0.05511811 0.1679622 0.5570061 0.05511811 0.1679622 0.5132357 0.05511811 0.1312981 0.4206591 0.05511811 0.1312981 0.4234698 0.05511811 0.1294002 0.5089573 0.05511811 0.1285289 0.4249376 0.05511811 0.1285289 0.5074511 0.05511811 0.1277111 0.4264438 0.05511811 0.1277111 0.427986 0.05511811 0.1269483 0.5059088 0.05511811 0.1269483 0.5043331 0.05511811 0.1262418 0.4295617 0.05511811 0.1262418 0.5027266 0.05511811 0.1255927 0.4311683 0.05511811 0.1255927 0.4328031 0.05511811 0.125002 0.5010918 0.05511811 0.125002 0.4943246 0.05511811 0.1232418 0.4404339 0.05511811 0.1230833 0.4906953 0.05511811 0.1226323 0.4431995 0.05511811 0.1226323 0.4879192 0.05511811 0.1222356 0.4459757 0.05511811 0.1222356 0.4851339 0.05511811 0.1218935 0.448761 0.05511811 0.1218935 0.4823407 0.05511811 0.1216062 0.4515541 0.05511811 0.1216062 0.4795412 0.05511811 0.1213737 0.4543537 0.05511811 0.1213737 0.4767366 0.05511811 0.1211963 0.4571583 0.05511811 0.1211963 0.4599667 0.05511811 0.1210739 0.4599667 0.05511811 1.100672 0.4739282 0.05511811 1.100672 0.5076551 0.05511811 1.099727 0.5558955 0.05511811 1.09741 0.6437692 0.05511811 1.08367 0.7146162 0.05511811 1.068537 0.7854632 0.05511811 1.040289 0.831899 0.05511811 1.014303 0.8712018 0.05511811 0.9726161 0.8940313 0.05511811 0.9429243 0.910274 0.05511811 0.909978 0.9244864 0.05511811 0.8493411 0.9244864 0.05511811 0.8133629 0.9244864 0.05511811 0.8067742 0.9168534 0.05511811 0.7714432 0.879123 0.05511811 0.6506914 0.8518404 0.05511811 0.5921557 0.8106707 0.05511811 0.5038245 0.7283311 0.05511811 0.3683833 0.6379047 0.05511811 0.2512627 0.5570061 0.05511811 0.1679622 0.5132357 0.05511811 0.1312981 0.5089573 0.05511811 0.1285289 0.5074511 0.05511811 0.1277111 0.5059088 0.05511811 0.1269483 0.5043331 0.05511811 0.1262418 0.5027266 0.05511811 0.1255927 0.5010918 0.05511811 0.125002 0.4943246 0.05511811 0.1232418 0.4906953 0.05511811 0.1226323 0.4879192 0.05511811 0.1222356 0.4851339 0.05511811 0.1218935 0.4823407 0.05511811 0.1216062 0.4795412 0.05511811 0.1213737 0.4767366 0.05511811 0.1211963 0.4599667 0.05511811 0.1210739 0.4571583 0.05511811 0.1211963 0.4543537 0.05511811 0.1213737 0.4515541 0.05511811 0.1216062 0.448761 0.05511811 0.1218935 0.4459757 0.05511811 0.1222356 0.4431995 0.05511811 0.1226323 0.4404339 0.05511811 0.1230833 0.4328031 0.05511811 0.125002 0.4311683 0.05511811 0.1255927 0.4295617 0.05511811 0.1262418 0.427986 0.05511811 0.1269483 0.4264438 0.05511811 0.1277111 0.4249376 0.05511811 0.1285289 0.4234698 0.05511811 0.1294002 0.4206591 0.05511811 0.1312981 0.3768888 0.05511811 0.1679622 0.2959902 0.05511811 0.2512627 0.2055638 0.05511811 0.3683833 0.1232242 0.05511811 0.5038245 0.08205446 0.05511811 0.5921557 0.05477191 0.05511811 0.6506914 0.01704148 0.05511811 0.7714432 0.009408517 0.05511811 0.8067742 0.009408517 0.05511811 0.8133629 0.009408517 0.05511811 0.8493411 0.02362089 0.05511811 0.909978 0.03986361 0.05511811 0.9429243 0.06269304 0.05511811 0.9726161 0.1019958 0.05511811 1.014303 0.1484317 0.05511811 1.040289 0.2192787 0.05511811 1.068537 0.2901256 0.05511811 1.08367 0.3779994 0.05511811 1.09741 0.4262398 0.05511811 1.099727</float_array>
                    <technique_common>
                        <accessor count="210" source="#ID33" stride="3">
                            <param name="X" type="float" />
                            <param name="Y" type="float" />
                            <param name="Z" type="float" />
                        </accessor>
                    </technique_common>
                </source>
                <source id="ID30">
                    <float_array id="ID34" count="630">0 1 8.989919e-17 0 1 8.989919e-17 0 1 8.989919e-17 0 1 8.989919e-17 0 1 8.989919e-17 0 1 8.989919e-17 0 1 8.989919e-17 0 1 8.989919e-17 0 1 8.989919e-17 0 1 8.989919e-17 0 1 8.989919e-17 0 1 8.989919e-17 0 1 8.989919e-17 0 1 8.989919e-17 0 1 8.989919e-17 0 1 8.989919e-17 0 1 8.989919e-17 0 1 8.989919e-17 0 1 8.989919e-17 0 1 8.989919e-17 0 1 8.989919e-17 0 1 8.989919e-17 0 1 8.989919e-17 0 1 8.989919e-17 0 1 8.989919e-17 0 1 8.989919e-17 0 1 8.989919e-17 0 1 8.989919e-17 0 1 8.989919e-17 0 1 8.989919e-17 0 1 8.989919e-17 0 1 8.989919e-17 0 1 8.989919e-17 0 1 8.989919e-17 0 1 8.989919e-17 0 1 8.989919e-17 0 1 8.989919e-17 0 1 8.989919e-17 0 1 8.989919e-17 0 1 8.989919e-17 0 1 8.989919e-17 0 1 8.989919e-17 0 1 8.989919e-17 0 1 8.989919e-17 0 1 8.989919e-17 0 1 8.989919e-17 0 1 8.989919e-17 0 1 8.989919e-17 0 1 8.989919e-17 0 1 8.989919e-17 0 1 8.989919e-17 0 1 8.989919e-17 0 1 8.989919e-17 0 1 8.989919e-17 0 1 8.989919e-17 0 1 8.989919e-17 0 1 8.989919e-17 0 1 8.989919e-17 0 1 8.989919e-17 0 1 8.989919e-17 0 1 8.989919e-17 0 1 8.989919e-17 0 1 8.989919e-17 0 1 8.989919e-17 0 1 8.989919e-17 0 1 8.989919e-17 0 1 8.989919e-17 0 1 8.989919e-17 0 1 8.989919e-17 0 1 8.989919e-17 -0 -1 -8.989919e-17 -0 -1 -8.989919e-17 -0 -1 -8.989919e-17 -0 -1 -8.989919e-17 -0 -1 -8.989919e-17 -0 -1 -8.989919e-17 -0 -1 -8.989919e-17 -0 -1 -8.989919e-17 -0 -1 -8.989919e-17 -0 -1 -8.989919e-17 -0 -1 -8.989919e-17 -0 -1 -8.989919e-17 -0 -1 -8.989919e-17 -0 -1 -8.989919e-17 -0 -1 -8.989919e-17 -0 -1 -8.989919e-17 -0 -1 -8.989919e-17 -0 -1 -8.989919e-17 -0 -1 -8.989919e-17 -0 -1 -8.989919e-17 -0 -1 -8.989919e-17 -0 -1 -8.989919e-17 -0 -1 -8.989919e-17 -0 -1 -8.989919e-17 -0 -1 -8.989919e-17 -0 -1 -8.989919e-17 -0 -1 -8.989919e-17 -0 -1 -8.989919e-17 -0 -1 -8.989919e-17 -0 -1 -8.989919e-17 -0 -1 -8.989919e-17 -0 -1 -8.989919e-17 -0 -1 -8.989919e-17 -0 -1 -8.989919e-17 -0 -1 -8.989919e-17 -0 -1 -8.989919e-17 -0 -1 -8.989919e-17 -0 -1 -8.989919e-17 -0 -1 -8.989919e-17 -0 -1 -8.989919e-17 -0 -1 -8.989919e-17 -0 -1 -8.989919e-17 -0 -1 -8.989919e-17 -0 -1 -8.989919e-17 -0 -1 -8.989919e-17 -0 -1 -8.989919e-17 -0 -1 -8.989919e-17 -0 -1 -8.989919e-17 -0 -1 -8.989919e-17 -0 -1 -8.989919e-17 -0 -1 -8.989919e-17 -0 -1 -8.989919e-17 -0 -1 -8.989919e-17 -0 -1 -8.989919e-17 -0 -1 -8.989919e-17 -0 -1 -8.989919e-17 -0 -1 -8.989919e-17 -0 -1 -8.989919e-17 -0 -1 -8.989919e-17 -0 -1 -8.989919e-17 -0 -1 -8.989919e-17 -0 -1 -8.989919e-17 -0 -1 -8.989919e-17 -0 -1 -8.989919e-17 -0 -1 -8.989919e-17 -0 -1 -8.989919e-17 -0 -1 -8.989919e-17 -0 -1 -8.989919e-17 -0 -1 -8.989919e-17 -0 -1 -8.989919e-17 0 0 0 0 0 0 0 0 0 0 0 0 0 0 0 0 0 0 0 0 0 0 0 0 0 0 0 0 0 0 0 0 0 0 0 0 0 0 0 0 0 0 0 0 0 0 0 0 0 0 0 0 0 0 0 0 0 0 0 0 0 0 0 0 0 0 0 0 0 0 0 0 0 0 0 0 0 0 0 0 0 0 0 0 0 0 0 0 0 0 0 0 0 0 0 0 0 0 0 0 0 0 0 0 0 0 0 0 0 0 0 0 0 0 0 0 0 0 0 0 0 0 0 0 0 0 0 0 0 0 0 0 0 0 0 0 0 0 0 0 0 0 0 0 0 0 0 0 0 0 0 0 0 0 0 0 0 0 0 0 0 0 0 0 0 0 0 0 0 0 0 0 0 0 0 0 0 0 0 0 0 0 0 0 0 0 0 0 0 0 0 0 0 0 0 0 0 0 0 0 0 0 0 0 0 0 0 0 0 0</float_array>
                    <technique_common>
                        <accessor count="210" source="#ID34" stride="3">
                            <param name="X" type="float" />
                            <param name="Y" type="float" />
                            <param name="Z" type="float" />
                        </accessor>
                    </technique_common>
                </source>
                <source id="ID31">
                    <Name_array id="ID35" count="0" />
                    <technique_common>
                        <accessor count="0" source="#ID35" stride="1">
                            <param name="skp_material" type="Name" />
                        </accessor>
                    </technique_common>
                </source>
                <vertices id="ID32">
                    <input semantic="POSITION" source="#ID29" />
                    <input semantic="NORMAL" source="#ID30" />
                </vertices>
                <triangles count="68" material="Material3">
                    <input offset="0" semantic="VERTEX" source="#ID32" />
                    <p>0 1 2 1 0 3 1 3 4 4 3 5 4 5 6 6 5 7 6 7 8 8 7 9 8 9 10 10 9 11 10 11 12 12 11 13 12 13 14 14 13 15 14 15 16 16 15 17 17 15 18 17 18 19 17 19 20 20 19 21 20 21 22 22 21 23 23 21 24 23 24 25 23 25 26 26 25 27 26 27 28 28 27 29 28 29 30 28 30 31 31 30 32 32 30 33 32 33 34 32 34 35 35 34 36 35 36 37 37 36 38 37 38 39 39 38 40 39 40 41 41 40 42 42 40 43 42 43 44 42 44 45 45 44 46 46 44 47 46 47 48 48 47 49 48 49 50 48 50 51 51 50 52 51 52 53 53 52 54 54 52 55 54 55 56 54 56 57 57 56 58 57 58 59 59 58 60 59 60 61 61 60 62 61 62 63 63 62 64 63 64 65 65 64 66 65 66 67 67 66 68 68 66 69</p>
                </triangles>
                <triangles count="68" material="Material2">
                    <input offset="0" semantic="VERTEX" source="#ID32" />
                    <p>70 71 72 72 71 73 73 71 74 71 75 74 74 75 76 75 77 76 76 77 78 77 79 78 78 79 80 79 81 80 80 81 82 81 83 82 82 83 84 83 85 84 85 86 84 84 86 87 87 86 88 86 89 88 88 89 90 89 91 90 91 92 90 90 92 93 92 94 93 93 94 95 95 94 96 94 97 96 97 98 96 96 98 99 99 98 100 98 101 100 100 101 102 101 103 102 102 103 104 103 105 104 104 105 106 105 107 106 107 108 106 106 108 109 109 108 110 108 111 110 111 112 110 110 112 113 112 114 113 113 114 115 114 116 115 116 117 115 115 117 118 118 117 119 117 120 119 119 120 121 120 122 121 122 123 121 121 123 124 124 123 125 123 126 125 125 126 127 126 128 127 127 128 129 128 130 129 129 130 131 130 132 131 131 132 133 132 134 133 133 134 135 134 136 135 135 136 137 136 138 137 139 137 138</p>
                </triangles>
                <lines count="70" material="Material4">
                    <input offset="0" semantic="VERTEX" source="#ID32" />
                    <p>140 141 141 142 142 143 143 144 144 145 145 146 146 147 147 148 148 149 149 150 150 151 151 152 152 153 153 154 154 155 155 156 156 157 157 158 158 159 159 160 160 161 161 162 162 163 163 164 164 165 165 166 166 167 167 168 168 169 169 170 170 171 171 172 172 173 173 174 174 175 175 176 176 177 177 178 178 179 179 180 180 181 181 182 182 183 183 184 184 185 185 186 186 187 187 188 188 189 189 190 190 191 191 192 192 193 193 194 194 195 195 196 196 197 197 198 198 199 199 200 200 201 201 202 202 203 203 204 204 205 205 206 206 207 207 208 208 209 209 140</p>
                </lines>
            </mesh>
        </geometry>
        <geometry id="ID36">
            <mesh>
                <source id="ID37">
                    <float_array id="ID41" count="630">0.4767366 6.938894e-17 0.1211963 0.4571583 6.938894e-17 0.1211963 0.4599667 6.938894e-17 0.1210739 0.4543537 6.938894e-17 0.1213737 0.4795412 6.938894e-17 0.1213737 0.4823407 6.938894e-17 0.1216062 0.4515541 6.938894e-17 0.1216062 0.4851339 6.938894e-17 0.1218935 0.448761 6.938894e-17 0.1218935 0.4459757 6.938894e-17 0.1222356 0.4879192 6.938894e-17 0.1222356 0.4906953 6.938894e-17 0.1226323 0.4431995 6.938894e-17 0.1226323 0.4943246 6.938894e-17 0.1232418 0.4404339 6.938894e-17 0.1230833 0.4328031 6.938894e-17 0.125002 0.5010918 6.938894e-17 0.125002 0.5027266 6.938894e-17 0.1255927 0.4311683 6.938894e-17 0.1255927 0.4295617 6.938894e-17 0.1262418 0.5043331 6.938894e-17 0.1262418 0.427986 6.938894e-17 0.1269483 0.5059088 6.938894e-17 0.1269483 0.5074511 6.938894e-17 0.1277111 0.4264438 6.938894e-17 0.1277111 0.4249376 6.938894e-17 0.1285289 0.5089573 6.938894e-17 0.1285289 0.4234698 6.938894e-17 0.1294002 0.5132357 6.938894e-17 0.1312981 0.4206591 6.938894e-17 0.1312981 0.3768888 5.551115e-17 0.1679622 0.5570061 5.551115e-17 0.1679622 0.6379047 4.163336e-17 0.2512627 0.2959902 4.163336e-17 0.2512627 0.7283311 1.387779e-17 0.3683833 0.2055638 1.387779e-17 0.3683833 0.8106707 0 0.5038245 0.1232242 0 0.5038245 0.08205446 0 0.5921557 0.8518404 0 0.5921557 0.05477191 0 0.6506914 0.879123 0 0.6506914 0.9168534 0 0.7714432 0.01704148 0 0.7714432 0.9244864 0 0.8067742 0.009408517 0 0.8067742 0.9244864 0 0.8133629 0.009408517 0 0.8133629 0.9244864 0 0.8493411 0.009408517 0 0.8493411 0.02362089 0 0.909978 0.910274 0 0.909978 0.8940313 0 0.9429243 0.03986361 0 0.9429243 0.8712018 0 0.9726161 0.06269304 0 0.9726161 0.831899 0 1.014303 0.1019958 0 1.014303 0.1484317 0 1.040289 0.7854632 0 1.040289 0.2192787 0 1.068537 0.7146162 0 1.068537 0.2901256 0 1.08367 0.6437692 0 1.08367 0.3779994 0 1.09741 0.5558955 0 1.09741 0.5076551 0 1.099727 0.4262398 0 1.099727 0.4739282 0 1.100672 0.4599667 0 1.100672 0.4599667 0 1.100672 0.4739282 0 1.100672 0.4262398 0 1.099727 0.5076551 0 1.099727 0.3779994 0 1.09741 0.5558955 0 1.09741 0.6437692 0 1.08367 0.2901256 0 1.08367 0.7146162 0 1.068537 0.2192787 0 1.068537 0.7854632 0 1.040289 0.1484317 0 1.040289 0.831899 0 1.014303 0.1019958 0 1.014303 0.06269304 0 0.9726161 0.8712018 0 0.9726161 0.03986361 0 0.9429243 0.8940313 0 0.9429243 0.02362089 0 0.909978 0.910274 0 0.909978 0.9244864 0 0.8493411 0.009408517 0 0.8493411 0.009408517 0 0.8133629 0.9244864 0 0.8133629 0.009408517 0 0.8067742 0.9244864 0 0.8067742 0.01704148 0 0.7714432 0.9168534 0 0.7714432 0.05477191 0 0.6506914 0.879123 0 0.6506914 0.8518404 0 0.5921557 0.08205446 0 0.5921557 0.8106707 0 0.5038245 0.1232242 0 0.5038245 0.2055638 1.387779e-17 0.3683833 0.7283311 1.387779e-17 0.3683833 0.2959902 4.163336e-17 0.2512627 0.6379047 4.163336e-17 0.2512627 0.3768888 5.551115e-17 0.1679622 0.5570061 5.551115e-17 0.1679622 0.5132357 6.938894e-17 0.1312981 0.4206591 6.938894e-17 0.1312981 0.4234698 6.938894e-17 0.1294002 0.5089573 6.938894e-17 0.1285289 0.4249376 6.938894e-17 0.1285289 0.5074511 6.938894e-17 0.1277111 0.4264438 6.938894e-17 0.1277111 0.427986 6.938894e-17 0.1269483 0.5059088 6.938894e-17 0.1269483 0.5043331 6.938894e-17 0.1262418 0.4295617 6.938894e-17 0.1262418 0.5027266 6.938894e-17 0.1255927 0.4311683 6.938894e-17 0.1255927 0.4328031 6.938894e-17 0.125002 0.5010918 6.938894e-17 0.125002 0.4943246 6.938894e-17 0.1232418 0.4404339 6.938894e-17 0.1230833 0.4431995 6.938894e-17 0.1226323 0.4906953 6.938894e-17 0.1226323 0.4459757 6.938894e-17 0.1222356 0.4879192 6.938894e-17 0.1222356 0.4851339 6.938894e-17 0.1218935 0.448761 6.938894e-17 0.1218935 0.4515541 6.938894e-17 0.1216062 0.4823407 6.938894e-17 0.1216062 0.4543537 6.938894e-17 0.1213737 0.4795412 6.938894e-17 0.1213737 0.4767366 6.938894e-17 0.1211963 0.4571583 6.938894e-17 0.1211963 0.4599667 6.938894e-17 0.1210739 0.4599667 0 1.100672 0.4739282 0 1.100672 0.4262398 0 1.099727 0.3779994 0 1.09741 0.2901256 0 1.08367 0.2192787 0 1.068537 0.1484317 0 1.040289 0.1019958 0 1.014303 0.06269304 0 0.9726161 0.03986361 0 0.9429243 0.02362089 0 0.909978 0.009408517 0 0.8493411 0.009408517 0 0.8133629 0.009408517 0 0.8067742 0.01704148 0 0.7714432 0.05477191 0 0.6506914 0.08205446 0 0.5921557 0.1232242 0 0.5038245 0.2055638 1.387779e-17 0.3683833 0.2959902 4.163336e-17 0.2512627 0.3768888 5.551115e-17 0.1679622 0.4206591 6.938894e-17 0.1312981 0.4234698 6.938894e-17 0.1294002 0.4249376 6.938894e-17 0.1285289 0.4264438 6.938894e-17 0.1277111 0.427986 6.938894e-17 0.1269483 0.4295617 6.938894e-17 0.1262418 0.4311683 6.938894e-17 0.1255927 0.4328031 6.938894e-17 0.125002 0.4404339 6.938894e-17 0.1230833 0.4431995 6.938894e-17 0.1226323 0.4459757 6.938894e-17 0.1222356 0.448761 6.938894e-17 0.1218935 0.4515541 6.938894e-17 0.1216062 0.4543537 6.938894e-17 0.1213737 0.4571583 6.938894e-17 0.1211963 0.4599667 6.938894e-17 0.1210739 0.4767366 6.938894e-17 0.1211963 0.4795412 6.938894e-17 0.1213737 0.4823407 6.938894e-17 0.1216062 0.4851339 6.938894e-17 0.1218935 0.4879192 6.938894e-17 0.1222356 0.4906953 6.938894e-17 0.1226323 0.4943246 6.938894e-17 0.1232418 0.5010918 6.938894e-17 0.125002 0.5027266 6.938894e-17 0.1255927 0.5043331 6.938894e-17 0.1262418 0.5059088 6.938894e-17 0.1269483 0.5074511 6.938894e-17 0.1277111 0.5089573 6.938894e-17 0.1285289 0.5132357 6.938894e-17 0.1312981 0.5570061 5.551115e-17 0.1679622 0.6379047 4.163336e-17 0.2512627 0.7283311 1.387779e-17 0.3683833 0.8106707 0 0.5038245 0.8518404 0 0.5921557 0.879123 0 0.6506914 0.9168534 0 0.7714432 0.9244864 0 0.8067742 0.9244864 0 0.8133629 0.9244864 0 0.8493411 0.910274 0 0.909978 0.8940313 0 0.9429243 0.8712018 0 0.9726161 0.831899 0 1.014303 0.7854632 0 1.040289 0.7146162 0 1.068537 0.6437692 0 1.08367 0.5558955 0 1.09741 0.5076551 0 1.099727</float_array>
                    <technique_common>
                        <accessor count="210" source="#ID41" stride="3">
                            <param name="X" type="float" />
                            <param name="Y" type="float" />
                            <param name="Z" type="float" />
                        </accessor>
                    </technique_common>
                </source>
                <source id="ID38">
                    <float_array id="ID42" count="630">0 -1 -8.989919e-17 0 -1 -8.989919e-17 0 -1 -8.989919e-17 0 -1 -8.989919e-17 0 -1 -8.989919e-17 0 -1 -8.989919e-17 0 -1 -8.989919e-17 0 -1 -8.989919e-17 0 -1 -8.989919e-17 0 -1 -8.989919e-17 0 -1 -8.989919e-17 0 -1 -8.989919e-17 0 -1 -8.989919e-17 0 -1 -8.989919e-17 0 -1 -8.989919e-17 0 -1 -8.989919e-17 0 -1 -8.989919e-17 0 -1 -8.989919e-17 0 -1 -8.989919e-17 0 -1 -8.989919e-17 0 -1 -8.989919e-17 0 -1 -8.989919e-17 0 -1 -8.989919e-17 0 -1 -8.989919e-17 0 -1 -8.989919e-17 0 -1 -8.989919e-17 0 -1 -8.989919e-17 0 -1 -8.989919e-17 0 -1 -8.989919e-17 0 -1 -8.989919e-17 0 -1 -8.989919e-17 0 -1 -8.989919e-17 0 -1 -8.989919e-17 0 -1 -8.989919e-17 0 -1 -8.989919e-17 0 -1 -8.989919e-17 0 -1 -8.989919e-17 0 -1 -8.989919e-17 0 -1 -8.989919e-17 0 -1 -8.989919e-17 0 -1 -8.989919e-17 0 -1 -8.989919e-17 0 -1 -8.989919e-17 0 -1 -8.989919e-17 0 -1 -8.989919e-17 0 -1 -8.989919e-17 0 -1 -8.989919e-17 0 -1 -8.989919e-17 0 -1 -8.989919e-17 0 -1 -8.989919e-17 0 -1 -8.989919e-17 0 -1 -8.989919e-17 0 -1 -8.989919e-17 0 -1 -8.989919e-17 0 -1 -8.989919e-17 0 -1 -8.989919e-17 0 -1 -8.989919e-17 0 -1 -8.989919e-17 0 -1 -8.989919e-17 0 -1 -8.989919e-17 0 -1 -8.989919e-17 0 -1 -8.989919e-17 0 -1 -8.989919e-17 0 -1 -8.989919e-17 0 -1 -8.989919e-17 0 -1 -8.989919e-17 0 -1 -8.989919e-17 0 -1 -8.989919e-17 0 -1 -8.989919e-17 0 -1 -8.989919e-17 -0 1 8.989919e-17 -0 1 8.989919e-17 -0 1 8.989919e-17 -0 1 8.989919e-17 -0 1 8.989919e-17 -0 1 8.989919e-17 -0 1 8.989919e-17 -0 1 8.989919e-17 -0 1 8.989919e-17 -0 1 8.989919e-17 -0 1 8.989919e-17 -0 1 8.989919e-17 -0 1 8.989919e-17 -0 1 8.989919e-17 -0 1 8.989919e-17 -0 1 8.989919e-17 -0 1 8.989919e-17 -0 1 8.989919e-17 -0 1 8.989919e-17 -0 1 8.989919e-17 -0 1 8.989919e-17 -0 1 8.989919e-17 -0 1 8.989919e-17 -0 1 8.989919e-17 -0 1 8.989919e-17 -0 1 8.989919e-17 -0 1 8.989919e-17 -0 1 8.989919e-17 -0 1 8.989919e-17 -0 1 8.989919e-17 -0 1 8.989919e-17 -0 1 8.989919e-17 -0 1 8.989919e-17 -0 1 8.989919e-17 -0 1 8.989919e-17 -0 1 8.989919e-17 -0 1 8.989919e-17 -0 1 8.989919e-17 -0 1 8.989919e-17 -0 1 8.989919e-17 -0 1 8.989919e-17 -0 1 8.989919e-17 -0 1 8.989919e-17 -0 1 8.989919e-17 -0 1 8.989919e-17 -0 1 8.989919e-17 -0 1 8.989919e-17 -0 1 8.989919e-17 -0 1 8.989919e-17 -0 1 8.989919e-17 -0 1 8.989919e-17 -0 1 8.989919e-17 -0 1 8.989919e-17 -0 1 8.989919e-17 -0 1 8.989919e-17 -0 1 8.989919e-17 -0 1 8.989919e-17 -0 1 8.989919e-17 -0 1 8.989919e-17 -0 1 8.989919e-17 -0 1 8.989919e-17 -0 1 8.989919e-17 -0 1 8.989919e-17 -0 1 8.989919e-17 -0 1 8.989919e-17 -0 1 8.989919e-17 -0 1 8.989919e-17 -0 1 8.989919e-17 -0 1 8.989919e-17 -0 1 8.989919e-17 0 0 0 0 0 0 0 0 0 0 0 0 0 0 0 0 0 0 0 0 0 0 0 0 0 0 0 0 0 0 0 0 0 0 0 0 0 0 0 0 0 0 0 0 0 0 0 0 0 0 0 0 0 0 0 0 0 0 0 0 0 0 0 0 0 0 0 0 0 0 0 0 0 0 0 0 0 0 0 0 0 0 0 0 0 0 0 0 0 0 0 0 0 0 0 0 0 0 0 0 0 0 0 0 0 0 0 0 0 0 0 0 0 0 0 0 0 0 0 0 0 0 0 0 0 0 0 0 0 0 0 0 0 0 0 0 0 0 0 0 0 0 0 0 0 0 0 0 0 0 0 0 0 0 0 0 0 0 0 0 0 0 0 0 0 0 0 0 0 0 0 0 0 0 0 0 0 0 0 0 0 0 0 0 0 0 0 0 0 0 0 0 0 0 0 0 0 0 0 0 0 0 0 0 0 0 0 0 0 0</float_array>
                    <technique_common>
                        <accessor count="210" source="#ID42" stride="3">
                            <param name="X" type="float" />
                            <param name="Y" type="float" />
                            <param name="Z" type="float" />
                        </accessor>
                    </technique_common>
                </source>
                <source id="ID39">
                    <Name_array id="ID43" count="0" />
                    <technique_common>
                        <accessor count="0" source="#ID43" stride="1">
                            <param name="skp_material" type="Name" />
                        </accessor>
                    </technique_common>
                </source>
                <vertices id="ID40">
                    <input semantic="POSITION" source="#ID37" />
                    <input semantic="NORMAL" source="#ID38" />
                </vertices>
                <triangles count="136" material="Material2">
                    <input offset="0" semantic="VERTEX" source="#ID40" />
                    <p>0 1 2 1 0 3 3 0 4 3 4 5 3 5 6 6 5 7 6 7 8 8 7 9 9 7 10 9 10 11 9 11 12 12 11 13 12 13 14 14 13 15 15 13 16 15 16 17 15 17 18 18 17 19 19 17 20 19 20 21 21 20 22 21 22 23 21 23 24 24 23 25 25 23 26 25 26 27 27 26 28 27 28 29 29 28 30 30 28 31 30 31 32 30 32 33 33 32 34 33 34 35 35 34 36 35 36 37 37 36 38 38 36 39 38 39 40 40 39 41 40 41 42 40 42 43 43 42 44 43 44 45 45 44 46 45 46 47 47 46 48 47 48 49 49 48 50 50 48 51 50 51 52 50 52 53 53 52 54 53 54 55 55 54 56 55 56 57 57 56 58 58 56 59 58 59 60 60 59 61 60 61 62 62 61 63 62 63 64 64 63 65 64 65 66 64 66 67 67 66 68 67 68 69 70 71 72 71 73 72 72 73 74 73 75 74 75 76 74 74 76 77 76 78 77 77 78 79 78 80 79 79 80 81 80 82 81 81 82 83 83 82 84 82 85 84 84 85 86 85 87 86 86 87 88 87 89 88 89 90 88 88 90 91 91 90 92 90 93 92 92 93 94 93 95 94 94 95 96 95 97 96 96 97 98 97 99 98 99 100 98 98 100 101 100 102 101 101 102 103 103 102 104 102 105 104 104 105 106 105 107 106 106 107 108 107 109 108 109 110 108 108 110 111 111 110 112 110 113 112 112 113 114 113 115 114 114 115 116 116 115 117 115 118 117 118 119 117 117 119 120 119 121 120 120 121 122 122 121 123 121 124 123 124 125 123 123 125 126 126 125 127 125 128 127 127 128 129 128 130 129 130 131 129 129 131 132 132 131 133 131 134 133 133 134 135 134 136 135 136 137 135 135 137 138 139 138 137</p>
                </triangles>
                <lines count="70" material="Material3">
                    <input offset="0" semantic="VERTEX" source="#ID40" />
                    <p>140 141 142 140 143 142 144 143 145 144 146 145 147 146 148 147 149 148 150 149 151 150 152 151 153 152 154 153 155 154 156 155 157 156 158 157 159 158 160 159 161 160 162 161 163 162 164 163 165 164 166 165 167 166 168 167 169 168 170 169 171 170 172 171 173 172 174 173 175 174 176 175 177 176 178 177 179 178 180 179 181 180 182 181 183 182 184 183 185 184 186 185 187 186 188 187 189 188 190 189 191 190 192 191 193 192 194 193 195 194 196 195 197 196 198 197 199 198 200 199 201 200 202 201 203 202 204 203 205 204 206 205 207 206 208 207 209 208 141 209</p>
                </lines>
            </mesh>
        </geometry>
        <geometry id="ID44">
            <mesh>
                <source id="ID47">
                    <float_array id="ID51" count="630">0.4649646 0.02755906 0.0001399447 0.4852956 0.02755906 0.0001399447 0.4678809 0.02755906 0 0.4620522 0.02755906 0.000342901 0.4882081 0.02755906 0.000342901 0.4911153 0.02755906 0.0006087702 0.459145 0.02755906 0.0006087702 0.4562445 0.02755906 0.0009374228 0.4940158 0.02755906 0.0009374228 0.4533521 0.02755906 0.001328699 0.4969082 0.02755906 0.001328699 0.4504692 0.02755906 0.001782409 0.4997911 0.02755906 0.001782409 0.4475972 0.02755906 0.002298331 0.5035599 0.02755906 0.002479564 0.439673 0.02755906 0.004492907 0.5105872 0.02755906 0.004492907 0.5122849 0.02755906 0.005168534 0.4379754 0.02755906 0.005168534 0.436307 0.02755906 0.005911025 0.5139532 0.02755906 0.005911025 0.4346708 0.02755906 0.006719164 0.5155895 0.02755906 0.006719164 0.517191 0.02755906 0.007591623 0.4330692 0.02755906 0.007591623 0.4315051 0.02755906 0.008526968 0.5187552 0.02755906 0.008526968 0.4299808 0.02755906 0.009523665 0.5231981 0.02755906 0.01169447 0.4270622 0.02755906 0.01169447 0.3816089 0.02755906 0.05363103 0.5686513 0.02755906 0.05363103 0.6526603 0.02755906 0.1489105 0.2976 0.02755906 0.1489105 0.2036969 0.02755906 0.2828735 0.7465633 0.02755906 0.2828735 0.8320686 0.02755906 0.4377918 0.1181916 0.02755906 0.4377918 0.07543899 0.02755906 0.5388254 0.8748212 0.02755906 0.5388254 0.0471075 0.02755906 0.6057787 0.9031527 0.02755906 0.6057787 0.007926435 0.02755906 0.7438952 0.9423338 0.02755906 0.7438952 0 0.02755906 0.784307 0.9502602 0.02755906 0.784307 0 0.02755906 0.7918431 0.9502602 0.02755906 0.7918431 0.9502602 0.02755906 0.8329952 3.552714e-15 0.02755906 0.8329952 0.01475881 0.02755906 0.9023519 0.9355014 0.02755906 0.9023519 0.03162601 0.02755906 0.940036 0.9186342 0.02755906 0.940036 0.8949271 0.02755906 0.9739977 0.05533318 0.02755906 0.9739977 0.09614706 0.02755906 1.021679 0.8541132 0.02755906 1.021679 0.1443683 0.02755906 1.051402 0.805892 0.02755906 1.051402 0.2179391 0.02755906 1.083712 0.7323211 0.02755906 1.083712 0.29151 0.02755906 1.101021 0.6587503 0.02755906 1.101021 0.3827623 0.02755906 1.116738 0.567498 0.02755906 1.116738 0.4328573 0.02755906 1.119388 0.5174029 0.02755906 1.119388 0.4823793 0.02755906 1.120469 0.4678809 0.02755906 1.120469 0.4678809 0.02755906 1.120469 0.4328573 0.02755906 1.119388 0.4823793 0.02755906 1.120469 0.5174029 0.02755906 1.119388 0.567498 0.02755906 1.116738 0.3827623 0.02755906 1.116738 0.6587503 0.02755906 1.101021 0.29151 0.02755906 1.101021 0.7323211 0.02755906 1.083712 0.2179391 0.02755906 1.083712 0.805892 0.02755906 1.051402 0.1443683 0.02755906 1.051402 0.8541132 0.02755906 1.021679 0.09614706 0.02755906 1.021679 0.8949271 0.02755906 0.9739977 0.05533318 0.02755906 0.9739977 0.03162601 0.02755906 0.940036 0.9186342 0.02755906 0.940036 0.9355014 0.02755906 0.9023519 0.01475881 0.02755906 0.9023519 0.9502602 0.02755906 0.8329952 3.552714e-15 0.02755906 0.8329952 0 0.02755906 0.7918431 0.9502602 0.02755906 0.7918431 0.9502602 0.02755906 0.784307 0 0.02755906 0.784307 0.9423338 0.02755906 0.7438952 0.007926435 0.02755906 0.7438952 0.9031527 0.02755906 0.6057787 0.0471075 0.02755906 0.6057787 0.8748212 0.02755906 0.5388254 0.07543899 0.02755906 0.5388254 0.8320686 0.02755906 0.4377918 0.1181916 0.02755906 0.4377918 0.2036969 0.02755906 0.2828735 0.7465633 0.02755906 0.2828735 0.6526603 0.02755906 0.1489105 0.2976 0.02755906 0.1489105 0.3816089 0.02755906 0.05363103 0.5686513 0.02755906 0.05363103 0.5231981 0.02755906 0.01169447 0.4270622 0.02755906 0.01169447 0.4299808 0.02755906 0.009523665 0.5187552 0.02755906 0.008526968 0.4315051 0.02755906 0.008526968 0.517191 0.02755906 0.007591623 0.4330692 0.02755906 0.007591623 0.4346708 0.02755906 0.006719164 0.5155895 0.02755906 0.006719164 0.5139532 0.02755906 0.005911025 0.436307 0.02755906 0.005911025 0.5122849 0.02755906 0.005168534 0.4379754 0.02755906 0.005168534 0.439673 0.02755906 0.004492907 0.5105872 0.02755906 0.004492907 0.5035599 0.02755906 0.002479564 0.4475972 0.02755906 0.002298331 0.4997911 0.02755906 0.001782409 0.4504692 0.02755906 0.001782409 0.4969082 0.02755906 0.001328699 0.4533521 0.02755906 0.001328699 0.4940158 0.02755906 0.0009374228 0.4562445 0.02755906 0.0009374228 0.4911153 0.02755906 0.0006087702 0.459145 0.02755906 0.0006087702 0.4620522 0.02755906 0.000342901 0.4882081 0.02755906 0.000342901 0.4852956 0.02755906 0.0001399447 0.4649646 0.02755906 0.0001399447 0.4678809 0.02755906 0 0.29151 0.02755906 1.101021 0.3827623 0.02755906 1.116738 0.4328573 0.02755906 1.119388 0.4678809 0.02755906 1.120469 0.4823793 0.02755906 1.120469 0.5174029 0.02755906 1.119388 0.567498 0.02755906 1.116738 0.6587503 0.02755906 1.101021 0.7323211 0.02755906 1.083712 0.805892 0.02755906 1.051402 0.8541132 0.02755906 1.021679 0.8949271 0.02755906 0.9739977 0.9186342 0.02755906 0.940036 0.9355014 0.02755906 0.9023519 0.9502602 0.02755906 0.8329952 0.9502602 0.02755906 0.7918431 0.9502602 0.02755906 0.784307 0.9423338 0.02755906 0.7438952 0.9031527 0.02755906 0.6057787 0.8748212 0.02755906 0.5388254 0.8320686 0.02755906 0.4377918 0.7465633 0.02755906 0.2828735 0.6526603 0.02755906 0.1489105 0.5686513 0.02755906 0.05363103 0.5231981 0.02755906 0.01169447 0.5187552 0.02755906 0.008526968 0.517191 0.02755906 0.007591623 0.5155895 0.02755906 0.006719164 0.5139532 0.02755906 0.005911025 0.5122849 0.02755906 0.005168534 0.5105872 0.02755906 0.004492907 0.5035599 0.02755906 0.002479564 0.4997911 0.02755906 0.001782409 0.4969082 0.02755906 0.001328699 0.4940158 0.02755906 0.0009374228 0.4911153 0.02755906 0.0006087702 0.4882081 0.02755906 0.000342901 0.4852956 0.02755906 0.0001399447 0.4678809 0.02755906 0 0.4649646 0.02755906 0.0001399447 0.4620522 0.02755906 0.000342901 0.459145 0.02755906 0.0006087702 0.4562445 0.02755906 0.0009374228 0.4533521 0.02755906 0.001328699 0.4504692 0.02755906 0.001782409 0.4475972 0.02755906 0.002298331 0.439673 0.02755906 0.004492907 0.4379754 0.02755906 0.005168534 0.436307 0.02755906 0.005911025 0.4346708 0.02755906 0.006719164 0.4330692 0.02755906 0.007591623 0.4315051 0.02755906 0.008526968 0.4299808 0.02755906 0.009523665 0.4270622 0.02755906 0.01169447 0.3816089 0.02755906 0.05363103 0.2976 0.02755906 0.1489105 0.2036969 0.02755906 0.2828735 0.1181916 0.02755906 0.4377918 0.07543899 0.02755906 0.5388254 0.0471075 0.02755906 0.6057787 0.007926435 0.02755906 0.7438952 0 0.02755906 0.784307 0 0.02755906 0.7918431 3.552714e-15 0.02755906 0.8329952 0.01475881 0.02755906 0.9023519 0.03162601 0.02755906 0.940036 0.05533318 0.02755906 0.9739977 0.09614706 0.02755906 1.021679 0.1443683 0.02755906 1.051402 0.2179391 0.02755906 1.083712</float_array>
                    <technique_common>
                        <accessor count="210" source="#ID51" stride="3">
                            <param name="X" type="float" />
                            <param name="Y" type="float" />
                            <param name="Z" type="float" />
                        </accessor>
                    </technique_common>
                </source>
                <source id="ID48">
                    <float_array id="ID52" count="630">9.377176e-35 1 -2.018777e-32 9.377176e-35 1 -2.018777e-32 9.377176e-35 1 -2.018777e-32 9.377176e-35 1 -2.018777e-32 9.377176e-35 1 -2.018777e-32 9.377176e-35 1 -2.018777e-32 9.377176e-35 1 -2.018777e-32 9.377176e-35 1 -2.018777e-32 9.377176e-35 1 -2.018777e-32 9.377176e-35 1 -2.018777e-32 9.377176e-35 1 -2.018777e-32 9.377176e-35 1 -2.018777e-32 9.377176e-35 1 -2.018777e-32 9.377176e-35 1 -2.018777e-32 9.377176e-35 1 -2.018777e-32 9.377176e-35 1 -2.018777e-32 9.377176e-35 1 -2.018777e-32 9.377176e-35 1 -2.018777e-32 9.377176e-35 1 -2.018777e-32 9.377176e-35 1 -2.018777e-32 9.377176e-35 1 -2.018777e-32 9.377176e-35 1 -2.018777e-32 9.377176e-35 1 -2.018777e-32 9.377176e-35 1 -2.018777e-32 9.377176e-35 1 -2.018777e-32 9.377176e-35 1 -2.018777e-32 9.377176e-35 1 -2.018777e-32 9.377176e-35 1 -2.018777e-32 9.377176e-35 1 -2.018777e-32 9.377176e-35 1 -2.018777e-32 9.377176e-35 1 -2.018777e-32 9.377176e-35 1 -2.018777e-32 9.377176e-35 1 -2.018777e-32 9.377176e-35 1 -2.018777e-32 9.377176e-35 1 -2.018777e-32 9.377176e-35 1 -2.018777e-32 9.377176e-35 1 -2.018777e-32 9.377176e-35 1 -2.018777e-32 9.377176e-35 1 -2.018777e-32 9.377176e-35 1 -2.018777e-32 9.377176e-35 1 -2.018777e-32 9.377176e-35 1 -2.018777e-32 9.377176e-35 1 -2.018777e-32 9.377176e-35 1 -2.018777e-32 9.377176e-35 1 -2.018777e-32 9.377176e-35 1 -2.018777e-32 9.377176e-35 1 -2.018777e-32 9.377176e-35 1 -2.018777e-32 9.377176e-35 1 -2.018777e-32 9.377176e-35 1 -2.018777e-32 9.377176e-35 1 -2.018777e-32 9.377176e-35 1 -2.018777e-32 9.377176e-35 1 -2.018777e-32 9.377176e-35 1 -2.018777e-32 9.377176e-35 1 -2.018777e-32 9.377176e-35 1 -2.018777e-32 9.377176e-35 1 -2.018777e-32 9.377176e-35 1 -2.018777e-32 9.377176e-35 1 -2.018777e-32 9.377176e-35 1 -2.018777e-32 9.377176e-35 1 -2.018777e-32 9.377176e-35 1 -2.018777e-32 9.377176e-35 1 -2.018777e-32 9.377176e-35 1 -2.018777e-32 9.377176e-35 1 -2.018777e-32 9.377176e-35 1 -2.018777e-32 9.377176e-35 1 -2.018777e-32 9.377176e-35 1 -2.018777e-32 9.377176e-35 1 -2.018777e-32 9.377176e-35 1 -2.018777e-32 -9.377176e-35 -1 2.018777e-32 -9.377176e-35 -1 2.018777e-32 -9.377176e-35 -1 2.018777e-32 -9.377176e-35 -1 2.018777e-32 -9.377176e-35 -1 2.018777e-32 -9.377176e-35 -1 2.018777e-32 -9.377176e-35 -1 2.018777e-32 -9.377176e-35 -1 2.018777e-32 -9.377176e-35 -1 2.018777e-32 -9.377176e-35 -1 2.018777e-32 -9.377176e-35 -1 2.018777e-32 -9.377176e-35 -1 2.018777e-32 -9.377176e-35 -1 2.018777e-32 -9.377176e-35 -1 2.018777e-32 -9.377176e-35 -1 2.018777e-32 -9.377176e-35 -1 2.018777e-32 -9.377176e-35 -1 2.018777e-32 -9.377176e-35 -1 2.018777e-32 -9.377176e-35 -1 2.018777e-32 -9.377176e-35 -1 2.018777e-32 -9.377176e-35 -1 2.018777e-32 -9.377176e-35 -1 2.018777e-32 -9.377176e-35 -1 2.018777e-32 -9.377176e-35 -1 2.018777e-32 -9.377176e-35 -1 2.018777e-32 -9.377176e-35 -1 2.018777e-32 -9.377176e-35 -1 2.018777e-32 -9.377176e-35 -1 2.018777e-32 -9.377176e-35 -1 2.018777e-32 -9.377176e-35 -1 2.018777e-32 -9.377176e-35 -1 2.018777e-32 -9.377176e-35 -1 2.018777e-32 -9.377176e-35 -1 2.018777e-32 -9.377176e-35 -1 2.018777e-32 -9.377176e-35 -1 2.018777e-32 -9.377176e-35 -1 2.018777e-32 -9.377176e-35 -1 2.018777e-32 -9.377176e-35 -1 2.018777e-32 -9.377176e-35 -1 2.018777e-32 -9.377176e-35 -1 2.018777e-32 -9.377176e-35 -1 2.018777e-32 -9.377176e-35 -1 2.018777e-32 -9.377176e-35 -1 2.018777e-32 -9.377176e-35 -1 2.018777e-32 -9.377176e-35 -1 2.018777e-32 -9.377176e-35 -1 2.018777e-32 -9.377176e-35 -1 2.018777e-32 -9.377176e-35 -1 2.018777e-32 -9.377176e-35 -1 2.018777e-32 -9.377176e-35 -1 2.018777e-32 -9.377176e-35 -1 2.018777e-32 -9.377176e-35 -1 2.018777e-32 -9.377176e-35 -1 2.018777e-32 -9.377176e-35 -1 2.018777e-32 -9.377176e-35 -1 2.018777e-32 -9.377176e-35 -1 2.018777e-32 -9.377176e-35 -1 2.018777e-32 -9.377176e-35 -1 2.018777e-32 -9.377176e-35 -1 2.018777e-32 -9.377176e-35 -1 2.018777e-32 -9.377176e-35 -1 2.018777e-32 -9.377176e-35 -1 2.018777e-32 -9.377176e-35 -1 2.018777e-32 -9.377176e-35 -1 2.018777e-32 -9.377176e-35 -1 2.018777e-32 -9.377176e-35 -1 2.018777e-32 -9.377176e-35 -1 2.018777e-32 -9.377176e-35 -1 2.018777e-32 -9.377176e-35 -1 2.018777e-32 -9.377176e-35 -1 2.018777e-32 0 0 0 0 0 0 0 0 0 0 0 0 0 0 0 0 0 0 0 0 0 0 0 0 0 0 0 0 0 0 0 0 0 0 0 0 0 0 0 0 0 0 0 0 0 0 0 0 0 0 0 0 0 0 0 0 0 0 0 0 0 0 0 0 0 0 0 0 0 0 0 0 0 0 0 0 0 0 0 0 0 0 0 0 0 0 0 0 0 0 0 0 0 0 0 0 0 0 0 0 0 0 0 0 0 0 0 0 0 0 0 0 0 0 0 0 0 0 0 0 0 0 0 0 0 0 0 0 0 0 0 0 0 0 0 0 0 0 0 0 0 0 0 0 0 0 0 0 0 0 0 0 0 0 0 0 0 0 0 0 0 0 0 0 0 0 0 0 0 0 0 0 0 0 0 0 0 0 0 0 0 0 0 0 0 0 0 0 0 0 0 0 0 0 0 0 0 0 0 0 0 0 0 0 0 0 0 0 0 0</float_array>
                    <technique_common>
                        <accessor count="210" source="#ID52" stride="3">
                            <param name="X" type="float" />
                            <param name="Y" type="float" />
                            <param name="Z" type="float" />
                        </accessor>
                    </technique_common>
                </source>
                <source id="ID49">
                    <Name_array id="ID53" count="0" />
                    <technique_common>
                        <accessor count="0" source="#ID53" stride="1">
                            <param name="skp_material" type="Name" />
                        </accessor>
                    </technique_common>
                </source>
                <vertices id="ID50">
                    <input semantic="POSITION" source="#ID47" />
                    <input semantic="NORMAL" source="#ID48" />
                </vertices>
                <triangles count="68" material="Material3">
                    <input offset="0" semantic="VERTEX" source="#ID50" />
                    <p>0 1 2 1 0 3 1 3 4 4 3 5 5 3 6 5 6 7 5 7 8 8 7 9 8 9 10 10 9 11 10 11 12 12 11 13 12 13 14 14 13 15 14 15 16 16 15 17 17 15 18 17 18 19 17 19 20 20 19 21 20 21 22 22 21 23 23 21 24 23 24 25 23 25 26 26 25 27 26 27 28 28 27 29 28 29 30 28 30 31 31 30 32 32 30 33 32 33 34 32 34 35 35 34 36 36 34 37 36 37 38 36 38 39 39 38 40 39 40 41 41 40 42 41 42 43 43 42 44 43 44 45 45 44 46 45 46 47 47 46 48 48 46 49 48 49 50 48 50 51 51 50 52 51 52 53 53 52 54 54 52 55 54 55 56 54 56 57 57 56 58 57 58 59 59 58 60 59 60 61 61 60 62 61 62 63 63 62 64 63 64 65 65 64 66 65 66 67 67 66 68 68 66 69</p>
                </triangles>
                <triangles count="68" material="Material2">
                    <input offset="0" semantic="VERTEX" source="#ID50" />
                    <p>70 71 72 72 71 73 73 71 74 71 75 74 74 75 76 75 77 76 76 77 78 77 79 78 78 79 80 79 81 80 80 81 82 81 83 82 82 83 84 83 85 84 85 86 84 84 86 87 87 86 88 86 89 88 88 89 90 89 91 90 91 92 90 90 92 93 93 92 94 92 95 94 94 95 96 95 97 96 96 97 98 97 99 98 98 99 100 99 101 100 100 101 102 101 103 102 103 104 102 102 104 105 105 104 106 104 107 106 107 108 106 106 108 109 109 108 110 108 111 110 111 112 110 110 112 113 112 114 113 113 114 115 114 116 115 116 117 115 115 117 118 118 117 119 117 120 119 119 120 121 120 122 121 122 123 121 121 123 124 124 123 125 123 126 125 125 126 127 126 128 127 127 128 129 128 130 129 129 130 131 130 132 131 131 132 133 132 134 133 134 135 133 133 135 136 136 135 137 135 138 137 139 137 138</p>
                </triangles>
                <lines count="70" material="Material4">
                    <input offset="0" semantic="VERTEX" source="#ID50" />
                    <p>140 141 141 142 142 143 143 144 144 145 145 146 146 147 147 148 148 149 149 150 150 151 151 152 152 153 153 154 154 155 155 156 156 157 157 158 158 159 159 160 160 161 161 162 162 163 163 164 164 165 165 166 166 167 167 168 168 169 169 170 170 171 171 172 172 173 173 174 174 175 175 176 176 177 177 178 178 179 179 180 180 181 181 182 182 183 183 184 184 185 185 186 186 187 187 188 188 189 189 190 190 191 191 192 192 193 193 194 194 195 195 196 196 197 197 198 198 199 199 200 200 201 201 202 202 203 203 204 204 205 205 206 206 207 207 208 208 209 209 140</p>
                </lines>
            </mesh>
        </geometry>
    </library_geometries>
    <library_materials>
        <material id="ID5" name="Plastic_Metalic_Gray">
            <instance_effect url="#ID6" />
        </material>
        <material id="ID12" name="material">
            <instance_effect url="#ID11" />
        </material>
        <material id="ID13" name="edge_color000255">
            <instance_effect url="#ID14" />
        </material>
        <material id="ID27" name="Plastic_Metalic_Black">
            <instance_effect url="#ID28" />
        </material>
        <material id="ID46" name="material_0">
            <instance_effect url="#ID45" />
        </material>
    </library_materials>
    <library_effects>
        <effect id="ID6">
            <profile_COMMON>
                <technique sid="COMMON">
                    <lambert>
                        <diffuse>
                            <color>0.4941176 0.4862745 0.4705882 1</color>
                        </diffuse>
                    </lambert>
                </technique>
            </profile_COMMON>
        </effect>
        <effect id="ID11">
            <profile_COMMON>
                <technique sid="COMMON">
                    <lambert>
                        <diffuse>
                            <color>0.6705882 0.6901961 0.8 1</color>
                        </diffuse>
                    </lambert>
                </technique>
            </profile_COMMON>
        </effect>
        <effect id="ID14">
            <profile_COMMON>
                <technique sid="COMMON">
                    <constant>
                        <transparent opaque="A_ONE">
                            <color>0 0 0 1</color>
                        </transparent>
                        <transparency>
                            <float>1</float>
                        </transparency>
                    </constant>
                </technique>
            </profile_COMMON>
        </effect>
        <effect id="ID28">
            <profile_COMMON>
                <technique sid="COMMON">
                    <lambert>
                        <diffuse>
                            <color>0.03137255 0.03137255 0.03137255 1</color>
                        </diffuse>
                    </lambert>
                </technique>
            </profile_COMMON>
        </effect>
        <effect id="ID45">
            <profile_COMMON>
                <technique sid="COMMON">
                    <lambert>
                        <diffuse>
                            <color>1 1 1 1</color>
                        </diffuse>
                    </lambert>
                </technique>
            </profile_COMMON>
        </effect>
    </library_effects>
    <scene>
        <instance_visual_scene url="#ID2" />
    </scene>
</COLLADA>
